Metric,Value
Food invoice lines,5070
Food credit lines,113
All food purchase lines (invoice + credit),5189
Unique food products bought,968
Food products with a real price change,453
Total real price-change events,971
Food products ending HIGHER than first price,333
Food products ending LOWER than first price,114
Food invoice spend £,128986.79
Food credits £,-3492.73
Food net spend £,132479.52

Brakes Code,Product,Category,Times ordered,First £,Last £,Times changed,Change %,Direction,Net spend £,Price history
135327,Tofoo Co Organic Naked Tofu        1x1kg,Other food,89,5.68,5.34,3,-5.99,DOWN,6023.18,£5.68 (2024-07-18) → £5.22 (2024-09-28) → £5.28 (2025-04-10) → £5.34 (2025-10-04)
110930,Paneer Cheese                      900g,Other food,65,7.32,6.28,3,-14.21,DOWN,4153.6,£7.32 (2024-08-06) → £5.03 (2024-10-12) → £6.85 (2025-05-10) → £6.28 (2025-10-11)
70325,Brakes Whole Milk (Blue)     RT  6x2.27L,Yoghurt & milk,129,10.49,10.6,5,1.05,UP,3729.98,£10.49 (2024-07-18) → £10.58 (2024-09-28) → £11.28 (2025-04-10) → £11.45 (2025-10-04) → £10.71 (2026-01-08) → £10.60 (2026-03-31)
67485,Delifrance Vegan Croissant (19401)  1x56,Other food,54,22.46,22.89,8,1.91,UP,2305.15,£22.46 (2024-07-18) → £21.99 (2024-07-30) → £22.46 (2024-09-26) → £21.99 (2024-10-01) → £22.46 (2024-11-02) → £21.99 (2025-02-08) → £22.46 (2025-03-01) → £22.60 (2025-10-07) → £22.89 (2026-07-11)
100535,Brakes Pure Maple Syrup           1x620g,Other food,43,11.51,12.16,4,5.65,UP,1949.34,£11.51 (2024-08-29) → £11.73 (2025-04-10) → £11.80 (2025-10-04) → £12.02 (2026-03-31) → £12.16 (2026-07-02)
136997,Beyond Meat Beyond Mince   1x4kg,Other food,29,44.2,40.57,8,-8.21,DOWN,1792.65,£44.20 (2024-11-23) → £44.78 (2025-04-10) → £39.99 (2025-07-22) → £35.99 (2025-08-14) → £44.78 (2025-09-25) → £45.06 (2025-10-16) → £40.57 (2026-01-15) → £36.99 (2026-02-24) → £40.57 (2026-05-21)
146135,Walkers Assortd Biscuit Mini Pck 100x25g,Biscuits,48,19.14,21.52,4,12.43,UP,1790.38,£19.14 (2024-11-07) → £20.44 (2025-05-03) → £20.58 (2025-10-04) → £21.23 (2026-03-31) → £21.52 (2026-06-30)
85753,KTC Vegetable Cooking Oil        1x20ltr,Other food,42,26.85,33.47,6,24.66,UP,1778.34,£26.85 (2024-08-03) → £27.50 (2024-10-12) → £30.16 (2025-02-06) → £30.52 (2025-04-10) → £31.46 (2025-10-14) → £33.04 (2026-05-16) → £33.47 (2026-07-11)
127622,Beyond Meat Vegan Burger   1x40,Other food,19,64.07,58.24,7,-9.1,DOWN,1746.03,£64.07 (2025-06-05) → £54.99 (2025-07-22) → £64.07 (2025-09-02) → £64.43 (2025-10-21) → £57.52 (2026-01-13) → £54.99 (2026-02-24) → £57.52 (2026-06-06) → £58.24 (2026-06-30)
114931,Wholesome Farms Greek Style Yogurt 1x5kg,Yoghurt & milk,64,10.73,16.1,4,50.05,UP,1717.18,£10.73 (2024-07-30) → £14.19 (2024-10-01) → £15.70 (2025-04-17) → £15.77 (2025-10-04) → £16.10 (2026-03-31)
129927,Sysco ClassicOlive Pomace Oil Blend 5ltr,Other food,68,13.89,16.12,7,16.05,UP,1664.11,£13.89 (2024-07-18) → £16.98 (2024-07-30) → £17.63 (2024-10-03) → £17.78 (2025-01-09) → £15.98 (2025-04-12) → £16.05 (2025-10-04) → £15.90 (2026-04-09) → £16.12 (2026-06-30)
74046,Sysco Classc Grtd Mild Whte Cheddr 5x1kg,Other food,30,37.39,34.49,6,-7.76,DOWN,1613.47,£37.39 (2024-07-30) → £38.51 (2024-10-01) → £40.86 (2024-11-30) → £40.22 (2025-04-10) → £41.29 (2025-10-11) → £34.09 (2026-02-19) → £34.49 (2026-07-02)
74088,Unsalted Butter   (70055)        20x250g,Other food,32,42.47,41.85,7,-1.46,DOWN,1475.68,£42.47 (2024-07-27) → £38.16 (2024-10-01) → £38.69 (2024-11-26) → £40.21 (2025-01-18) → £41.30 (2025-04-10) → £42.53 (2025-05-08) → £40.38 (2025-07-08) → £41.85 (2025-10-23)
151872,Global Hacienda Avocado Halves     1x1kg,Other food,36,6.11,5.49,6,-10.15,DOWN,1364.62,£6.11 (2024-09-28) → £6.18 (2025-04-10) → £5.39 (2025-05-13) → £6.18 (2025-06-05) → £4.99 (2025-10-07) → £6.18 (2025-11-04) → £5.49 (2025-11-27)
148660,Ubley Low Fat Natural Yogurt      1x5kg,Yoghurt & milk,56,12.02,12.74,3,5.99,UP,1285.27,£12.02 (2024-07-13) → £12.52 (2025-04-10) → £12.59 (2025-10-21) → £12.74 (2026-07-11)
6437,Sysco Classic Chop Toms in Juice   2.5kg,Other food,44,3.39,2.99,2,-11.8,DOWN,1280.56,£3.39 (2024-07-23) → £3.19 (2024-10-12) → £2.99 (2025-11-29)
30925,Brake Rosti Potato Fritters          1kg,Other food,23,5.68,5.82,4,2.46,UP,1221.33,£5.68 (2024-10-31) → £5.75 (2025-04-12) → £5.61 (2025-10-04) → £5.75 (2026-05-09) → £5.82 (2026-07-02)
117887,Ethanol Chafing Gel 2.5hr           1x12,Other food,17,10.72,10.43,4,-2.71,DOWN,1116.16,£10.72 (2024-11-21) → £10.86 (2025-05-31) → £10.94 (2025-10-23) → £10.29 (2026-04-11) → £10.43 (2026-07-02)
111313,Roasted Red Peppers              1x2.5kg,Other food,29,6.18,6.04,3,-2.27,DOWN,1104.48,£6.18 (2024-08-13) → £6.33 (2025-04-29) → £6.40 (2025-10-16) → £6.04 (2026-05-09)
591902,The Tofoo Co. Lightly Spice Pieces 2x1kg,Other food,3,22.74,22.89,1,0.66,UP,1072.98,£22.74 (2025-06-14) → £22.89 (2026-03-17)
131778,McCain OC Hash Browns              1x1kg,Other food,26,4.1,3.95,5,-3.66,DOWN,1058.85,£4.10 (2024-08-15) → £4.02 (2025-01-23) → £2.99 (2025-06-03) → £2.75 (2025-11-18) → £2.99 (2026-01-29) → £3.95 (2026-04-09)
149957,Meadowland Double 1x1ltr,Other food,56,2.99,3.59,14,20.07,UP,1050.37,£2.99 (2024-07-23) → £4.53 (2024-07-30) → £3.49 (2024-08-13) → £2.99 (2024-10-01) → £3.53 (2025-01-14) → £2.99 (2025-03-20) → £3.59 (2025-05-15) → £2.49 (2025-06-03) → £2.99 (2025-07-12) → £3.49 (2025-09-13) → £2.49 (2025-10-07) → £2.99 (2025-11-06) → £2.49 (2026-01-29) → £2.99 (2026-03-17) → £3.59 (2026-03-31)
129803,Flora Professional Plant      8x1ltr,Plant-based milk,6,31.1,33.9,5,9.0,UP,1001.54,£31.10 (2025-01-23) → £28.99 (2025-02-06) → £33.69 (2025-04-24) → £33.90 (2025-11-20) → £26.99 (2026-02-19) → £33.90 (2026-05-28)
4300,Sysco Classic Naan Bread         24x100g,Other food,42,8.7,8.06,4,-7.36,DOWN,993.71,£8.70 (2024-07-20) → £7.23 (2024-10-01) → £7.33 (2025-05-13) → £7.38 (2025-10-04) → £8.06 (2026-04-16)
115072,Amoy Coconut Milk (85833)       12x400ml,Other food,15,25.48,17.28,3,-32.18,DOWN,964.32,£25.48 (2024-07-27) → £16.94 (2024-10-12) → £17.18 (2025-06-03) → £17.28 (2025-11-13)
135284,Nairns GF Choc Chip Biscuit Break 48x30g,Biscuits,37,14.61,15.76,2,7.87,UP,935.32,£14.61 (2024-07-25) → £15.69 (2025-05-03) → £15.76 (2025-11-04)
134491,Greek Feta Cheese                 1x900g,Other food,30,10.36,11.49,4,10.91,UP,923.76,£10.36 (2024-08-17) → £13.17 (2024-10-05) → £13.31 (2025-04-10) → £13.38 (2025-10-04) → £11.49 (2026-05-23)
5002473,Nairns Gluten Free Biscuits         1x48,Biscuits,28,16.7,16.77,1,0.42,UP,904.25,£16.70 (2025-05-13) → £16.77 (2025-10-11)
133687,Macphie Plant Based Crm Alternative 1x1L,Plant-based milk,42,3.74,3.88,2,3.74,UP,899.96,£3.74 (2024-07-23) → £3.81 (2025-04-12) → £3.88 (2026-06-30)
149906,Elda Ricotta Cheese 1x1.5kg,Other food,31,11.22,11.58,3,3.21,UP,886.56,£11.22 (2024-08-22) → £11.37 (2025-04-12) → £11.44 (2025-10-11) → £11.58 (2026-06-30)
78252,Butter Portions                    6x100,Other food,22,34.09,34.79,7,2.05,UP,842.58,£34.09 (2024-07-13) → £38.49 (2024-10-01) → £37.99 (2024-12-14) → £40.69 (2025-01-28) → £40.99 (2025-05-10) → £41.19 (2025-10-23) → £36.29 (2026-01-29) → £34.79 (2026-04-09)
119648,Market Mix Olives (whole)   1x1kg,Other food,37,8.78,11.15,4,26.99,UP,800.13,£8.78 (2024-11-09) → £8.92 (2025-04-10) → £8.99 (2025-10-07) → £11.01 (2026-04-09) → £11.15 (2026-06-30)
563,Brakes Haricot Beans               1x3kg,Other food,20,7.19,8.34,4,15.99,UP,743.2,£7.19 (2024-08-22) → £14.25 (2024-12-10) → £13.74 (2025-04-26) → £13.82 (2025-10-25) → £8.34 (2026-07-02)
118225,Royal Crw BlackTurtle Bean n Wtr 1x2.5kg,Other food,28,2.87,2.94,3,2.44,UP,741.43,£2.87 (2024-07-23) → £3.09 (2025-01-21) → £3.81 (2025-04-10) → £2.94 (2025-10-25)
11127,Unsalted Butter                  40x250g,Other food,11,75.79,59.99,3,-20.85,DOWN,715.59,£75.79 (2025-07-19) → £76.19 (2025-10-11) → £62.49 (2026-01-31) → £59.99 (2026-04-18)
75805,Wholesome Farms HF Greek Style Yog 1x5kg,Other food,15,17.31,28.19,6,62.85,UP,687.68,£17.31 (2024-08-03) → £21.15 (2025-04-10) → £14.99 (2025-07-01) → £21.15 (2025-07-29) → £21.31 (2025-10-04) → £27.79 (2026-03-31) → £28.19 (2026-07-11)
2041,LaBo Double Chocolate Doughnuts    1x40,Other food,15,13.03,26.2,6,101.07,UP,612.05,£13.03 (2024-07-27) → £22.82 (2024-09-28) → £13.94 (2024-10-01) → £14.39 (2025-05-17) → £14.47 (2025-11-15) → £25.84 (2026-05-09) → £26.20 (2026-07-07)
74858,Alpro Soya Alt Yogrt Dry Fre    6x4x125g,Alpro yoghurt,51,11.08,9.96,3,-10.11,DOWN,607.3,£11.08 (2024-07-18) → £9.79 (2024-10-01) → £9.90 (2025-04-12) → £9.96 (2025-10-11)
4111,Brake Fruits Of The Forest Mix       1kg,Other food,19,6.18,4.6,4,-25.57,DOWN,606.22,£6.18 (2024-07-20) → £3.35 (2024-10-15) → £3.58 (2025-05-22) → £4.25 (2025-10-11) → £4.60 (2026-05-16)
26896,Walkers Shortbread Fingers       240x20g,Biscuits,9,50.61,53.06,2,4.84,UP,575.15,£50.61 (2025-01-11) → £52.77 (2025-04-17) → £53.06 (2026-02-14)
127121,Coconut Milk CASE               12x400ml,Other food,13,11.56,15.03,3,30.02,UP,553.99,£11.56 (2025-03-13) → £12.43 (2025-04-10) → £15.74 (2025-10-07) → £15.03 (2026-05-02)
71250,Goats Cheese Log                   1x1kg,Other food,21,13.46,13.82,4,2.67,UP,540.02,£13.46 (2024-08-24) → £12.95 (2024-10-31) → £13.60 (2025-04-24) → £13.67 (2025-11-06) → £13.82 (2026-07-11)
119105,Mango Pulp                        1x850g,Other food,21,2.73,2.73,0,0.0,SAME,521.43,£2.73 (2024-11-19)
148602,Redefine Plant Premium Burger 4x8x140g,Other food,7,54.5,46.99,4,-13.78,DOWN,511.91,£54.50 (2024-11-23) → £48.99 (2024-12-07) → £49.99 (2025-01-28) → £29.99 (2025-04-12) → £46.99 (2025-05-24)
33385,Diced Mango                        1x1kg,Other food,35,7.41,3.33,4,-55.06,DOWN,508.92,£7.41 (2024-08-13) → £2.85 (2024-11-19) → £3.02 (2025-04-24) → £3.14 (2025-10-23) → £3.33 (2026-04-09)
130709,Halloumi                          6x750g,Other food,8,46.07,46.36,1,0.63,UP,508.22,£46.07 (2025-05-10) → £46.36 (2025-10-07)
31526,Ubley Fruit N Crm Yogurt Mixd    12x150g,Yoghurt & milk,40,6.18,6.49,3,5.02,UP,466.21,£6.18 (2024-10-05) → £6.47 (2025-04-10) → £6.54 (2025-11-20) → £6.49 (2026-06-06)
134323,Sysco Classic Vegan Mayonnaise  1x5L,Other food,28,12.95,14.18,4,9.5,UP,461.59,£12.95 (2024-08-17) → £13.02 (2024-10-12) → £13.89 (2025-04-10) → £13.67 (2025-10-23) → £14.18 (2026-05-23)
27544,Sysco Classc Grt Mild White Cheddr 1x1kg,Other food,13,7.89,6.89,3,-12.67,DOWN,457.2,£7.89 (2025-01-28) → £7.79 (2025-04-24) → £7.99 (2025-10-04) → £6.89 (2026-03-12)
149914,Granarolo Grtd Italian Hrd Chse 1x500g,Other food,27,7.99,10.43,4,30.54,UP,456.79,£7.99 (2024-07-30) → £9.86 (2024-10-05) → £10.00 (2025-04-10) → £10.29 (2025-10-07) → £10.43 (2026-06-30)
35379,Brakes Tortilla Chips            14x475g,Other food,14,25.04,32.9,5,31.39,UP,454.92,£25.04 (2024-07-20) → £31.38 (2024-10-12) → £32.03 (2025-05-08) → £21.99 (2025-12-16) → £32.25 (2026-03-19) → £32.90 (2026-06-20)
132404,Royal Crown Chick Peas in Water  1x2.5kg,Other food,17,3.23,3.45,2,6.81,UP,452.7,£3.23 (2024-08-03) → £3.66 (2025-01-23) → £3.45 (2025-04-12)
129464,Brakes Vegan Brownie                1x30,Other food,5,22.38,26.7,2,19.3,UP,452.1,£22.38 (2024-08-08) → £23.54 (2024-10-12) → £26.70 (2025-06-14)
1126,Walkers Shortbread Fingers         120x2,Biscuits,11,37.22,37.43,1,0.56,UP,448.95,£37.22 (2025-04-24) → £37.43 (2025-10-21)
21856,Prep Premium Toasted Sesame Oil   1x1ltr,Other food,18,12.02,8.43,4,-29.87,DOWN,442.59,£12.02 (2024-08-27) → £8.04 (2024-10-03) → £8.14 (2025-06-03) → £8.04 (2026-01-15) → £8.43 (2026-04-16)
10317,Kp Ready Salted                 1x48pckt,Other food,6,24.83,25.98,1,4.63,UP,440.51,£24.83 (2024-11-30) → £25.98 (2025-05-22)
118561,Alpro Simply Plain                1x500g,Alpro yoghurt,53,2.15,1.65,2,-23.26,DOWN,439.2,£2.15 (2024-07-23) → £1.50 (2024-09-28) → £1.65 (2025-04-10)
591017,GV Dairy Cheese Soft FFat OC 18421 1x2kg,Other food,9,17.63,17.7,1,0.4,UP,424.52,£17.63 (2025-08-16) → £17.70 (2025-10-07)
26719,Real Crisps Sea Salt              48x35g,Other food,6,24.9,25.19,1,1.16,UP,423.88,£24.90 (2026-05-09) → £25.19 (2026-07-02)
71731,Brake Mature Ched Cheese Slice    1x500g,Other food,26,4.43,3.59,4,-18.96,DOWN,422.86,£4.43 (2024-07-25) → £3.76 (2024-10-01) → £3.98 (2024-11-09) → £3.92 (2025-05-13) → £3.59 (2026-05-09)
33386,Blackberries                       1x1kg,Other food,14,4.51,5.27,2,16.85,UP,419.74,£4.51 (2024-09-28) → £4.87 (2025-05-10) → £5.27 (2025-10-16)
74699,Brake Essentials Grated White Cheese 1kg,Other food,14,6.37,6.83,3,7.22,UP,418.69,£6.37 (2024-10-12) → £6.75 (2024-11-19) → £6.60 (2025-05-08) → £6.83 (2025-11-04)
135285,Nairns GF Mixed Oat Biscuit Break 48x30g,Biscuits,20,14.61,14.61,2,0.0,SAME,414.36,£14.61 (2024-07-25) → £11.50 (2024-08-27) → £14.61 (2024-10-01)
3840,Brake Whole Spinach Ptn (350038)   2.5kg,Other food,37,6.18,3.6,4,-41.75,DOWN,412.77,£6.18 (2024-08-06) → £3.18 (2024-09-28) → £3.37 (2025-04-12) → £3.33 (2025-10-11) → £3.60 (2026-04-11)
4764,Brake Broad Beans                  2.5kg,Other food,29,11.44,11.22,3,-1.92,DOWN,412.17,£11.44 (2024-08-22) → £11.51 (2024-11-28) → £11.66 (2025-04-10) → £11.22 (2025-11-04)
71256,Brake Mild Cheddar Chese Slice    1x500g,Other food,27,8.29,3.65,6,-55.97,DOWN,411.41,£8.29 (2024-07-20) → £3.92 (2024-10-01) → £4.15 (2024-10-31) → £4.06 (2025-05-20) → £3.99 (2025-08-21) → £4.06 (2025-11-04) → £3.65 (2026-01-29)
100243,Brakes The Juice Orange         12x1ltr,Drinks,19,14.99,16.79,6,12.01,UP,410.27,£14.99 (2024-08-13) → £15.89 (2024-10-12) → £16.69 (2024-12-12) → £19.69 (2025-02-18) → £19.99 (2025-04-29) → £18.29 (2026-01-08) → £16.79 (2026-01-31)
135232,Bridor Vegan RTB Orange HNut Crown  1x48,Other food,13,26.49,40.89,3,54.36,UP,410.11,£26.49 (2024-07-20) → £27.86 (2024-10-01) → £40.38 (2025-03-13) → £40.89 (2025-06-03)
135419,Sheese Mature Cheddar Slice Vegan    1kg,Other food,27,11.8,12.16,3,3.05,UP,405.9,£11.80 (2024-07-20) → £11.94 (2025-04-12) → £12.02 (2025-10-23) → £12.16 (2026-07-11)
18421,G V Dairy Full Fat Soft Cheese 1x2kg,Other food,16,8.61,9.37,2,8.83,UP,400.23,£8.61 (2024-07-20) → £8.78 (2024-09-28) → £9.37 (2025-05-29)
22053,Sysco Classc Mozz Shredded Cheese  1x2kg,Other food,10,13.31,9.24,4,-30.58,DOWN,394.03,£13.31 (2024-07-30) → £11.11 (2024-12-14) → £10.78 (2025-03-13) → £10.50 (2025-06-26) → £9.24 (2026-02-24)
19510,CHL Flora Portions(22927)        200x10g,Other food,14,23.18,25.26,2,8.97,UP,390.98,£23.18 (2024-08-03) → £25.12 (2025-05-15) → £25.26 (2025-11-18)
555338,Rational Cleaner Tablets Red       1x100,Other food,3,129.49,131.19,1,1.31,UP,390.17,£129.49 (2024-10-31) → £131.19 (2025-04-29)
4599,Sysco Essential Garden Peas      1x2.5kg,Other food,34,4.53,3.97,6,-12.36,DOWN,383.12,£4.53 (2024-09-19) → £3.89 (2024-11-21) → £3.97 (2024-12-03) → £4.05 (2025-04-10) → £3.89 (2025-06-12) → £4.05 (2025-07-10) → £3.97 (2025-10-16)
134490,Butlers of Lanc Cheese Selection    650g,Other food,9,11.58,12.38,3,6.91,UP,380.92,£11.58 (2024-08-27) → £12.16 (2025-01-14) → £12.30 (2025-04-24) → £12.38 (2026-03-12)
87045,Olive Pomace Oil            1x5L,Other food,14,21.45,17.92,2,-16.46,DOWN,375.57,£21.45 (2024-10-24) → £18.86 (2025-05-13) → £17.92 (2025-07-03)
149038,DrSchar GF & V White Sandwich Loaf   1x6,Other food,14,26.92,23.99,5,-10.88,DOWN,375.32,£26.92 (2024-07-30) → £27.28 (2025-04-17) → £24.99 (2025-05-15) → £27.28 (2025-06-05) → £27.42 (2025-12-20) → £23.99 (2026-06-09)
591136,Kalamata Olives Whole OC 119645    1x1kg,Other food,21,10.5,10.58,2,0.76,UP,374.83,£10.50 (2025-05-22) → £8.99 (2025-09-04) → £10.58 (2025-10-07)
4381,Sysco Classic 10 Flour Tortillas    4x18,Other food,15,11.58,16.05,3,38.6,UP,366.19,£11.58 (2024-07-20) → £15.47 (2024-11-07) → £15.69 (2025-05-17) → £16.05 (2026-04-25)
118256,Crawfords Biscuits Minipack3       1x100,Biscuits,8,26.13,26.13,0,0.0,SAME,365.82,£26.13 (2024-07-20)
133966,PG Tips Envelopes                 1x1000,Other food,7,47.58,56.44,5,18.62,UP,362.8,£47.58 (2024-08-13) → £55.36 (2024-12-10) → £40.99 (2025-06-03) → £56.08 (2025-07-29) → £50.99 (2025-11-04) → £56.44 (2025-11-29)
100244,Brakes The Juice Apple           12x1ltr,Drinks,28,11.8,14.32,6,21.36,UP,361.93,£11.80 (2024-08-03) → £9.51 (2024-10-01) → £10.18 (2025-04-24) → £10.54 (2025-11-13) → £9.99 (2025-11-27) → £10.54 (2026-01-29) → £14.32 (2026-05-02)
101767,Mission 12in Wheatbran Tortillas  1x4x18,Other food,13,27.64,27.78,1,0.51,UP,360.72,£27.64 (2025-07-01) → £27.78 (2025-10-21)
5010628,Global Hacienda Avocado Slices    1x500g,Other food,14,2.99,2.99,2,0.0,SAME,352.82,£2.99 (2026-01-15) → £3.38 (2026-01-29) → £2.99 (2026-06-02)
74048,Sysco Classc Mat White Cheddar Grt 5x1kg,Other food,7,37.79,36.29,3,-3.97,DOWN,351.55,£37.79 (2024-07-23) → £40.50 (2025-05-15) → £41.55 (2025-12-20) → £36.29 (2026-07-11)
152151,Sysco Classic Sweetcorn in Water 12x340g,Other food,15,11.3,11.44,1,1.24,UP,350.58,£11.30 (2025-10-11) → £11.44 (2026-06-30)
34503,McCain MS Sweet Potato Fries     4x2.5kg,Other food,3,34.99,34.99,0,0.0,SAME,349.9,£34.99 (2025-11-20)
15514,Migi EWide Cling Film45cmx300 32C13  1x1,Other food,16,7.39,7.49,5,1.35,UP,347.62,£7.39 (2024-08-22) → £7.49 (2025-04-24) → £5.49 (2025-06-12) → £7.49 (2025-07-19) → £6.49 (2025-08-28) → £7.49 (2025-11-18)
125279,Walkers Shortbread Gluten Free    60x30g,Biscuits,11,22.74,25.12,3,10.47,UP,345.84,£22.74 (2025-01-11) → £24.18 (2025-05-24) → £24.33 (2025-12-20) → £25.12 (2026-03-31)
13381,Sysco Classic Red Kidney Beans   1x2.5kg,Other food,15,2.77,4.27,4,54.15,UP,344.04,£2.77 (2024-07-23) → £2.87 (2024-10-03) → £3.19 (2025-04-24) → £3.88 (2025-12-18) → £4.27 (2026-05-23)
135584,Northwood Blue CFeed 2ply CL2B806EDS 1x6,Other food,20,8.78,9.11,4,3.76,UP,343.94,£8.78 (2024-07-20) → £8.52 (2024-10-22) → £8.74 (2025-04-10) → £8.81 (2026-01-08) → £9.11 (2026-06-04)
4301,Brakes Puff Pastry Squares 13cm     1x96,Other food,13,20.58,22.1,3,7.39,UP,343.0,£20.58 (2024-08-13) → £21.52 (2025-05-24) → £21.66 (2025-11-18) → £22.10 (2026-05-12)
135231,Bridor Vegan RTB Vanilla HNut Crown 1x48,Other food,10,26.7,40.89,3,53.15,UP,341.52,£26.70 (2024-07-20) → £28.14 (2024-10-01) → £40.38 (2025-03-13) → £40.89 (2025-05-13)
33348,Sysco Essential Thick Cut Chip  4x2.27kg,Other food,15,11.73,11.44,4,-2.47,DOWN,337.43,£11.73 (2024-12-31) → £11.87 (2025-05-29) → £11.59 (2025-07-01) → £11.87 (2025-08-14) → £11.44 (2026-03-19)
18419,G V Dairy Natural Cottage Cheese 1x2kg,Other food,22,13.02,14.54,2,11.67,UP,333.2,£13.02 (2024-11-28) → £14.46 (2025-04-10) → £14.54 (2025-12-13)
526841,Set Soured Cream                   1x1kg,Other food,46,4.31,4.62,3,7.19,UP,326.69,£4.31 (2024-07-20) → £3.55 (2024-10-01) → £4.58 (2025-04-24) → £4.62 (2025-10-07)
130608,Brakes Berries Cocont & Seed Toppr 1x1kg,Other food,22,8.63,9.06,3,4.98,UP,320.61,£8.63 (2024-12-07) → £8.85 (2025-07-19) → £8.92 (2025-10-04) → £9.06 (2026-06-30)
10515,Migi 2Ply Blue Centrfeed 300sht 120m 1x6,Other food,19,9.79,9.79,3,0.0,SAME,318.58,£9.79 (2024-08-03) → £10.09 (2025-05-22) → £10.19 (2026-03-12) → £9.79 (2026-05-16)
124867,Kikkoman Tamari G/F Soy Sauce     1x1Ltr,Other food,13,5.54,5.61,1,1.26,UP,317.88,£5.54 (2024-07-25) → £5.61 (2025-05-22)
71035,Halloumi Cheese                   4x250g,Other food,10,10.99,9.9,3,-9.92,DOWN,315.5,£10.99 (2024-07-23) → £9.68 (2024-11-26) → £9.86 (2025-04-10) → £9.90 (2025-12-13)
28326,Sysco Classic Tomato Paste 1x800g (KC1),Other food,20,3.88,2.18,4,-43.81,DOWN,314.64,£3.88 (2024-07-23) → £2.40 (2024-11-09) → £2.12 (2025-04-10) → £1.98 (2025-12-04) → £2.18 (2026-04-25)
508,Cadbury Drinking Chocolate         1x5kg,Other food,8,38.73,39.45,2,1.86,UP,313.5,£38.73 (2024-11-07) → £39.23 (2025-05-27) → £39.45 (2025-11-04)
187060,Cocont Col Double Cream  6x400g,Other food,13,16.91,14.99,5,-11.35,DOWN,307.8,£16.91 (2024-07-27) → £12.99 (2024-09-19) → £16.26 (2024-11-07) → £16.48 (2025-06-03) → £16.55 (2025-11-20) → £14.99 (2026-06-04)
115344,Brakes Pure Clear Honey           6x454g,Other food,9,30.09,30.81,2,2.39,UP,303.2,£30.09 (2025-06-10) → £30.23 (2025-11-15) → £30.81 (2026-04-23)
134002,Perfect British Cheeseboard       6x155g,Other food,7,24.62,25.05,2,1.75,UP,299.72,£24.62 (2025-02-06) → £24.90 (2025-05-15) → £25.05 (2025-11-18)
128101,Cauldron Tofu                     6x396g,Other food,6,13.24,13.74,3,3.78,UP,297.8,£13.24 (2024-07-13) → £13.38 (2024-12-31) → £13.46 (2026-01-29) → £13.74 (2026-04-25)
113655,ALPRO Coconut For Professionals   1x1ltr,Plant-based milk,19,2.01,1.74,1,-13.43,DOWN,293.19,£2.01 (2024-07-23) → £1.74 (2024-10-12)
150992,Ardo Green Asparagus Spears        1x1kg,Other food,9,7.98,8.06,1,1.0,UP,288.72,£7.98 (2024-11-14) → £8.06 (2025-05-10)
74090,GVD American Style Cream Cheese 1x2kg,Other food,7,14.03,17.34,4,23.59,UP,285.77,£14.03 (2024-08-06) → £17.20 (2024-11-30) → £17.85 (2025-05-17) → £17.92 (2025-11-15) → £17.34 (2026-06-25)
136533,Ardo Oven Dried Tomatoes           1x1kg,Other food,10,6.9,7.05,2,2.17,UP,284.4,£6.90 (2024-11-14) → £6.98 (2025-05-13) → £7.05 (2025-12-20)
3761,Sysco Clss Mozz & Cheddar Chse Mix 3x1kg,Other food,2,31.6,31.6,0,0.0,SAME,284.4,£31.60 (2025-07-05)
133240,Clear Polypropylne Food Cont 9ltr CE 1x1,Other food,5,8.09,8.59,2,6.18,UP,283.86,£8.09 (2024-08-27) → £8.39 (2025-06-05) → £8.59 (2026-01-13)
150850,Lyles Maple Syrup               1x2.80kg,Other food,16,7.98,7.77,3,-2.63,DOWN,278.25,£7.98 (2024-07-25) → £7.26 (2025-01-21) → £7.62 (2025-05-15) → £7.77 (2025-10-14)
148781,Global Hacienda Soya Beans         1x1kg,Other food,20,5.39,3.88,5,-28.01,DOWN,278.21,£5.39 (2024-07-23) → £4.10 (2024-11-14) → £4.17 (2025-04-10) → £3.88 (2025-11-04) → £2.99 (2026-01-08) → £3.88 (2026-01-29)
135233,Bridor Vegan RTB Cherry Crown       1x48,Other food,8,29.15,40.38,2,38.52,UP,269.19,£29.15 (2024-07-20) → £30.30 (2024-10-24) → £40.38 (2025-01-25)
136769,Beechdean Clotted Cream Ice Cream 1x5ltr,Other food,7,15.18,13.99,3,-7.84,DOWN,265.71,£15.18 (2025-01-14) → £15.40 (2025-05-22) → £15.47 (2026-02-26) → £13.99 (2026-05-09)
591254,Rational Cleaner Tabl Red OC555338 1x100,Other food,2,131.19,131.99,1,0.61,UP,263.18,£131.19 (2025-06-12) → £131.99 (2025-11-18)
555874,Rational Care Tablets Blue         1x150,Other food,2,131.09,131.89,1,0.61,UP,262.98,£131.09 (2025-07-19) → £131.89 (2025-11-18)
5946,Sysco Classic Cornflour         1x3.5kg,Other food,19,7.6,8.1,4,6.58,UP,260.0,£7.60 (2024-07-13) → £7.98 (2024-10-01) → £7.69 (2025-04-17) → £7.87 (2026-01-15) → £8.10 (2026-04-09)
152434,Sysco The Juice Orange           12x1ltr,Drinks,13,17.59,17.19,6,-2.27,DOWN,258.85,£17.59 (2025-03-13) → £17.79 (2025-04-24) → £15.99 (2025-05-20) → £17.79 (2025-06-10) → £15.99 (2025-06-26) → £17.79 (2025-07-01) → £17.19 (2025-10-23)
120625,Levanto HRD Veg Cheese Shave       1x1kg,Other food,12,21.3,21.74,2,2.07,UP,258.23,£21.30 (2024-11-26) → £21.59 (2025-04-10) → £21.74 (2025-10-21)
308,Brakes Granulated Sugar           1x25kg,Other food,8,32.25,31.19,2,-3.29,DOWN,257.94,£32.25 (2025-04-24) → £32.75 (2025-10-21) → £31.19 (2026-05-02)
115400,Kelloggs Coco Pops Bag Pak        4x500g,Other food,12,13.53,14.54,3,7.46,UP,255.05,£13.53 (2024-07-27) → £14.25 (2025-05-20) → £14.32 (2025-11-18) → £14.54 (2026-07-02)
128154,Alpro Soya Wholebean Unsweetened 8x1Ltr,Plant-based milk,13,14.54,13.17,3,-9.42,DOWN,252.15,£14.54 (2024-08-13) → £12.95 (2024-11-07) → £13.10 (2025-06-10) → £13.17 (2025-11-04)
24192,Shortbread Rounds              1x200x11g,Biscuits,6,21.09,23.39,3,10.91,UP,251.76,£21.09 (2024-11-07) → £22.46 (2025-07-24) → £25.69 (2025-11-20) → £23.39 (2026-04-23)
148578,Alpro Barista Oat          12x1ltr,Plant-based milk,10,21.3,22.89,3,7.46,UP,247.88,£21.30 (2024-07-23) → £22.46 (2024-10-31) → £22.74 (2025-05-31) → £22.89 (2025-10-07)
87722,Black Ex Heavy Duty Sacks (PB114)  1x100,Other food,8,22.31,22.6,1,1.3,UP,246.28,£22.31 (2024-07-20) → £22.60 (2025-04-24)
129229,"15cm (6) GF Soft Blue Corn Tortilla6x24""",Other food,9,22.74,23.03,2,1.28,UP,245.51,£22.74 (2024-11-02) → £19.99 (2025-05-17) → £23.03 (2025-06-26)
119645,Kalamata Olives (Whole)            1x1kg,Other food,14,10.36,10.5,1,1.35,UP,239.54,£10.36 (2024-07-13) → £10.50 (2025-04-10)
301,Brakes Caster Sugar               1x25kg,Other food,7,36.38,39.02,3,7.26,UP,234.36,£36.38 (2024-07-13) → £34.30 (2024-10-01) → £26.99 (2025-01-28) → £39.02 (2026-01-13)
127124,Sweetcorn in Water        12x340g,Other food,3,21.3,21.3,0,0.0,SAME,234.3,£21.30 (2025-05-17)
136748,Sysco Lemon Juice                 1x1ltr,Other food,24,2.01,2.16,3,7.46,UP,229.33,£2.01 (2024-07-23) → £1.77 (2024-10-17) → £1.91 (2025-04-12) → £2.16 (2026-04-14)
148838,Valdigrano Lasagne               12x500g,Other food,16,14.1,14.75,4,4.61,UP,228.34,£14.10 (2024-08-13) → £14.03 (2024-11-16) → £14.25 (2025-05-10) → £14.18 (2025-10-25) → £14.75 (2026-04-25)
126923,Tinned Jackfruit                 1x2.8kg,Other food,6,11.3,11.87,1,5.04,UP,227.14,£11.30 (2025-06-07) → £11.87 (2025-11-04)
5952,Brakes Dried Chick Peas            1x3kg,Other food,10,10.94,10.0,2,-8.59,DOWN,223.75,£10.94 (2024-07-23) → £9.93 (2025-04-12) → £10.00 (2025-11-15)
4760,Brake Whole Green Beans (350053) 1x2.5kg,Other food,11,9.78,8.57,3,-12.37,DOWN,222.46,£9.78 (2024-08-24) → £6.25 (2024-11-07) → £8.81 (2025-04-29) → £8.57 (2025-11-22)
84472,Tilda Arborio Risotto Rice         1x5Kg,Other food,12,18.5,18.14,5,-1.95,DOWN,222.45,£18.50 (2024-07-30) → £17.92 (2024-11-21) → £17.25 (2024-12-07) → £17.92 (2025-03-01) → £16.05 (2025-04-29) → £18.14 (2025-10-16)
151084,Flora Plant Butter Unsalted 24x200g,Other food,8,24.99,31.1,5,24.45,UP,222.21,£24.99 (2024-10-01) → £22.99 (2025-06-10) → £30.95 (2025-08-19) → £31.10 (2025-11-22) → £24.99 (2025-12-19) → £31.10 (2026-02-21)
21357,Black Sack Compactor (P B111) 100x1,Other food,6,27.28,27.64,1,1.32,UP,220.4,£27.28 (2024-10-31) → £27.64 (2025-06-03)
109628,White Quinoa                       1x1kg,Other food,6,10.72,4.68,1,-56.34,DOWN,216.36,£10.72 (2024-07-23) → £4.68 (2024-10-12)
5222,"Sysco Ess 4 Unseeded Baps(28372)   1x48""",Other food,11,7.19,7.55,4,5.01,UP,212.76,£7.19 (2024-12-03) → £7.26 (2025-05-17) → £7.34 (2025-11-15) → £7.48 (2026-05-09) → £7.55 (2026-07-02)
33828,Brake 9in Thin & Crispy Pizza Base  1x36,Other food,7,23.32,23.32,0,0.0,SAME,209.88,£23.32 (2025-05-17)
126335,Alpro Almond For Professionals  12x1ltr,Plant-based milk,9,21.3,20.94,3,-1.69,DOWN,209.27,£21.30 (2024-08-22) → £20.51 (2025-01-29) → £20.80 (2025-05-15) → £20.94 (2025-11-04)
33891,Brakes Self Raising Flour         1x25kg,Other food,8,24.98,26.13,3,4.6,UP,204.78,£24.98 (2025-03-03) → £25.48 (2025-05-15) → £25.62 (2025-11-18) → £26.13 (2026-05-16)
133102,Mobile Storage Container & Lid 60ltr 1x1,Other food,2,39.79,41.89,1,5.28,UP,203.15,£39.79 (2025-03-01) → £41.89 (2026-01-13)
89656,Brakes The Juice Orange         27x200ml,Drinks,3,15.29,15.29,0,0.0,SAME,198.77,£15.29 (2026-04-25)
60585,"Flatstone 11 Pizza Base            1x18""",Other food,2,49.49,49.49,0,0.0,SAME,197.96,£49.49 (2024-12-07)
135682,Carte Dor Vegan Choc Mousse Mix   3x300g,Other food,9,8.06,9.28,4,15.14,UP,197.17,£8.06 (2024-10-24) → £8.27 (2025-05-17) → £8.34 (2025-11-29) → £9.14 (2026-05-09) → £9.28 (2026-07-02)
120075,Nescafe Original Decaff Stick   800x1.2g,Other food,4,41.75,51.33,2,22.95,UP,195.09,£41.75 (2024-07-27) → £50.68 (2025-05-03) → £51.33 (2025-12-16)
350101,Icing Sugar (310)                  1x3kg,Other food,19,6.22,5.93,5,-4.66,DOWN,192.53,£6.22 (2024-07-13) → £5.72 (2024-11-07) → £4.85 (2025-02-11) → £5.14 (2025-05-29) → £5.39 (2025-11-04) → £5.93 (2026-06-30)
5012635,DiLecce Pitted Kalam Olives 1x3kg,Other food,4,31.89,32.32,1,1.35,UP,191.77,£31.89 (2026-04-09) → £32.32 (2026-06-30)
112159,Kerrymaid Double             1 x 1 litre,Other food,8,3.45,2.99,3,-13.33,DOWN,191.68,£3.45 (2024-10-05) → £2.99 (2025-05-22) → £3.74 (2025-06-05) → £2.99 (2026-03-21)
71268,Sysco Classic Mat White Ched Grate 1x1kg,Other food,6,9.13,6.69,2,-26.73,DOWN,191.04,£9.13 (2025-01-18) → £7.39 (2025-07-12) → £6.69 (2026-02-24)
71128,Brake Saltd Dairy Butter (70055) 20x250g,Other food,2,40.46,49.38,1,22.05,UP,188.6,£40.46 (2024-09-19) → £49.38 (2025-03-29)
244,Sysco Class  Plum Toms in Juice 1x2.55kg,Other food,7,4.09,3.45,1,-15.65,DOWN,188.36,£4.09 (2024-11-30) → £3.45 (2025-07-24)
74075,Applewood Cheese                   1.5kg,Other food,9,19.79,21.45,2,8.39,UP,184.3,£19.79 (2024-08-22) → £21.30 (2025-04-10) → £21.45 (2025-10-21)
136360,Marigold Engevita Yeast Flakes    1x100g,Other food,12,2.66,2.66,0,0.0,SAME,183.54,£2.66 (2024-10-24)
150423,5 Bean Salad in Water             1x800g,Other food,14,1.43,1.43,2,0.0,SAME,182.2,£1.43 (2024-08-27) → £1.36 (2024-11-23) → £1.43 (2025-01-14)
5552,Brakes Solid Pack Apples    1x2.6kg(KC3),Other food,10,4.17,6.4,3,53.48,UP,181.64,£4.17 (2024-07-23) → £4.38 (2024-10-01) → £6.62 (2025-07-22) → £6.40 (2025-10-14)
23198,Capricorn Goats Chese (Smrset)    6x100g,Other food,10,20.08,20.51,3,2.14,UP,181.45,£20.08 (2024-08-22) → £14.99 (2025-03-03) → £20.37 (2025-04-24) → £20.51 (2025-11-18)
151032,Schwartz Cracked Black Pepper 1x380g,Other food,15,7.26,8.13,6,11.98,UP,180.77,£7.26 (2024-08-22) → £6.25 (2024-11-26) → £7.26 (2025-01-11) → £5.25 (2025-02-13) → £5.99 (2025-03-13) → £8.06 (2025-04-10) → £8.13 (2025-10-21)
89657,Brakes The Juice Apple          27x200ml,Drinks,4,17.68,17.07,2,-3.45,DOWN,178.96,£17.68 (2025-05-15) → £9.99 (2026-05-21) → £17.07 (2026-06-16)
109618,Alpro Original Soya Sweetened       8x1L,Plant-based milk,13,11.58,11.8,2,1.9,UP,176.13,£11.58 (2024-10-17) → £11.73 (2025-06-07) → £11.80 (2025-10-07)
132776,Alpro Oat Barista Gluten Free    12x1ltr,Plant-based milk,7,21.81,21.95,1,0.64,UP,174.9,£21.81 (2025-05-03) → £21.95 (2025-10-21)
149997,Sysco Cl Vegan Apple Crumble Tart   1x18,Other food,1,28.99,28.99,0,0.0,SAME,173.94,£28.99 (2024-10-12)
106616,Pinguin Supersweet Sweetcorn      1x10kg,Other food,7,23.68,25.26,2,6.67,UP,173.1,£23.68 (2024-07-23) → £24.98 (2024-11-30) → £25.26 (2025-04-10)
132992,GN 1/1 S/S Gastronorm - 20cm deep 1x1,Other food,2,17.49,25.39,1,45.17,UP,171.52,£17.49 (2025-06-07) → £25.39 (2026-06-09)
89987,Jacobs Biscuits For Cheese        1x800g,Biscuits,15,10.0,10.07,4,0.7,UP,171.51,£10.00 (2025-05-15) → £10.07 (2025-10-11) → £6.99 (2025-11-13) → £9.99 (2025-11-25) → £10.07 (2026-01-13)
136830,Redefine Plnt Bratwurst Sausage 10x100g,Other food,3,13.17,13.17,0,0.0,SAME,171.21,£13.17 (2025-04-12)
14780,Migi Baking Parchment  45cmx75m    1x1,Other food,5,15.83,16.19,3,2.27,UP,171.12,£15.83 (2024-11-19) → £16.12 (2025-05-15) → £12.99 (2025-08-28) → £16.19 (2025-11-18)
136475,Sysco ESS GF Vegan Choc Truff Torte 1x14,Other food,3,16.05,17.42,2,8.54,UP,169.8,£16.05 (2024-08-08) → £17.78 (2024-10-15) → £17.42 (2026-06-04)
127162,Meridian Light Tahini CASE        6x454g,Other food,5,28.07,28.07,0,0.0,SAME,168.42,£28.07 (2024-08-15)
85120,Chef William Cooking Salt          1x3kg,Other food,13,4.17,4.89,3,17.27,UP,165.99,£4.17 (2024-08-27) → £4.67 (2024-10-01) → £4.74 (2025-04-26) → £4.89 (2025-10-07)
31817,LaBo Banqueting Roll Selection      3x25,Other food,5,15.62,12.44,1,-20.36,DOWN,165.46,£15.62 (2024-07-13) → £12.44 (2024-10-24)
4768,Brake Cauliflower Florets 30-70mm  2.5kg,Other food,10,6.62,5.32,4,-19.64,DOWN,165.18,£6.62 (2024-07-13) → £3.45 (2024-09-28) → £2.63 (2025-05-20) → £5.25 (2025-11-20) → £5.32 (2026-05-09)
113349,Mini Filled Churros (caramel)   1x1.4kg,Other food,1,13.67,13.67,0,0.0,SAME,164.04,£13.67 (2024-12-07)
149229,Doughboys Pizza Base 12in        25x210g,Other food,2,54.21,55.22,1,1.86,UP,163.64,£54.21 (2025-03-13) → £55.22 (2025-12-19)
126682,Duerrs Peanut Butter Crunchy     1x2.5kg,Other food,7,16.41,13.02,3,-20.66,DOWN,162.79,£16.41 (2024-10-31) → £16.62 (2025-07-24) → £16.70 (2025-11-20) → £13.02 (2026-06-30)
591022,Mars Xtra Ice Cream Bar OC32371   1x24ea,Other food,2,19.99,19.99,0,0.0,SAME,159.92,£19.99 (2025-07-08)
188476,Glebe Farm Porridge Oats GF      1x5kg,Other food,5,17.7,17.7,0,0.0,SAME,159.3,£17.70 (2025-11-27)
149763,DWBH Donut Queen V                  1x24,Other food,2,14.75,13.99,1,-5.15,DOWN,158.45,£14.75 (2025-06-14) → £13.99 (2026-03-21)
129304,Ocean Spray Cranberry Classic    12x1ltr,Drinks,9,14.61,16.7,5,14.31,UP,156.72,£14.61 (2025-02-20) → £16.19 (2025-05-20) → £13.99 (2025-07-01) → £16.19 (2025-07-29) → £16.48 (2026-05-21) → £16.70 (2026-06-30)
15775,Brake Monterey Jack Slices         1x1kg,Other food,5,15.76,15.4,1,-2.28,DOWN,156.16,£15.76 (2024-12-10) → £15.40 (2025-09-16)
151289,Arla Pro Gouda Cheese Slices 1x1kg,Other food,10,8.06,8.2,5,1.74,UP,155.77,£8.06 (2024-11-23) → £6.99 (2024-11-30) → £6.12 (2024-12-07) → £8.13 (2025-06-05) → £7.99 (2025-11-04) → £8.20 (2026-01-29)
57840,Broccoli Florets 20-40mm         4x2.5kg,Other food,3,25.91,25.91,0,0.0,SAME,155.46,£25.91 (2024-10-22)
32200,Sysco Cl Dairy Vanilla & Pods I/Crm 1x4L,Other food,3,10.86,11.22,1,3.31,UP,154.2,£10.86 (2025-08-14) → £11.22 (2025-12-20)
86874,Vanilla Essence                  1x500ml,Other food,9,5.32,5.54,2,4.14,UP,153.88,£5.32 (2024-07-27) → £5.46 (2024-10-05) → £5.54 (2025-06-21)
53880,Sysco Classic 12in Flour Tortillas  4x18,Other food,4,21.66,22.1,1,2.03,UP,153.82,£21.66 (2024-08-13) → £22.10 (2025-12-06)
88446,Standard Centre Feed Dispenser       1x1,Other food,2,25.48,25.48,0,0.0,SAME,152.88,£25.48 (2026-06-13)
100246,Brakes The Juice Grapefruit      12x1ltr,Drinks,2,10.99,17.56,1,59.78,UP,151.47,£10.99 (2026-04-16) → £17.56 (2026-06-04)
1202,Brakes Peach Slice Syrup   1x2.6kg (KC3),Other food,5,8.13,9.71,3,19.43,UP,146.88,£8.13 (2024-07-23) → £9.21 (2024-11-14) → £9.42 (2025-12-09) → £9.71 (2026-05-09)
149369,Framptons Prof Oat Barista Drink 12x1ltr,Plant-based milk,8,16.26,16.55,1,1.78,UP,146.63,£16.26 (2024-10-22) → £16.55 (2026-06-04)
268,Brakes Seedless Raisins            1x3kg,Other food,7,14.39,17.2,3,19.53,UP,146.51,£14.39 (2025-01-21) → £14.68 (2025-07-26) → £16.98 (2025-11-13) → £17.20 (2026-06-30)
34031,Brakes Demerara Sugar Stick       1x1000,Other food,14,8.92,9.28,3,4.04,UP,146.38,£8.92 (2025-03-01) → £9.06 (2025-06-03) → £9.21 (2025-10-04) → £9.28 (2026-01-29)
150802,Wildfarmed Slcd Sour Wht Bloomer  8x800g,Other food,4,36.35,40.53,3,11.5,UP,145.94,£36.35 (2024-08-22) → £31.99 (2024-10-22) → £37.07 (2024-12-07) → £40.53 (2025-11-15)
33947,Sysco Premium Petit Pois           1.5kg,Other food,15,5.9,4.46,4,-24.41,DOWN,144.76,£5.90 (2024-07-13) → £4.46 (2024-11-23) → £4.25 (2025-02-08) → £4.53 (2025-07-31) → £4.46 (2025-10-11)
123366,Honeybuns GF Choc Pecan Caram TBake  1x1,Other food,3,23.03,24.69,2,7.21,UP,144.52,£23.03 (2024-10-12) → £24.54 (2025-09-04) → £24.69 (2025-10-14)
114231,Pears BB                      1x8   Pack,Other food,1,2.4,2.4,0,0.0,SAME,144.0,£2.40 (2025-09-13)
135120,Veg Lemon GF Tart                 12x75g,Other food,1,17.92,17.92,0,0.0,SAME,143.36,£17.92 (2025-07-24)
150845,Bite Churros Filled Cocoa Cream  1x1.7kg,Other food,3,15.69,15.76,1,0.45,UP,141.7,£15.69 (2025-08-14) → £15.76 (2025-12-09)
149528,Just Live Raisin Almond Granola    4x2kg,Other food,6,23.25,25.19,1,8.34,UP,141.44,£23.25 (2024-10-12) → £25.19 (2025-04-17)
88887,Ex Virgin Olive Oil       1x5ltr,Other food,3,49.02,43.19,1,-11.89,DOWN,141.23,£49.02 (2024-11-09) → £43.19 (2025-04-17)
33559,Brakes Plain Flour                1x25kg,Other food,7,19.65,20.15,3,2.54,UP,140.05,£19.65 (2024-10-05) → £20.08 (2025-06-28) → £20.22 (2025-10-23) → £20.15 (2026-04-16)
71026,Greek Feta Cheese                  2x1kg,Other food,3,34.26,34.91,1,1.9,UP,138.99,£34.26 (2024-12-07) → £34.91 (2026-01-08)
255,Sysco Desiccated Coconut          1x2kg,Other food,7,10.22,16.48,1,61.25,UP,137.46,£10.22 (2025-04-29) → £16.48 (2025-11-15)
85788,El Paso Taco Shells              10x260g,Other food,6,22.6,22.74,1,0.62,UP,136.02,£22.60 (2025-07-19) → £22.74 (2025-11-06)
152606,Magnum Vegan Almond 90ml            1x20,Other food,2,27.09,27.09,0,0.0,SAME,135.45,£27.09 (2026-04-09)
133974,Radnor Still 100% Pure Aple Jce 60x125ml,Other food,4,16.84,16.84,0,0.0,SAME,134.72,£16.84 (2025-06-26)
149944,Sysco Classic Cous Cous            1x1kg,Other food,15,3.3,3.38,1,2.42,UP,134.24,£3.30 (2024-08-13) → £3.38 (2025-04-10)
152761,Light Tahini 1x270g,Other food,5,3.16,3.16,0,0.0,SAME,132.72,£3.16 (2025-05-13)
24762,Fairtrade Demerera Sugar Sticks   1x1000,Other food,5,19.29,16.26,1,-15.71,DOWN,132.0,£19.29 (2024-07-30) → £16.26 (2025-01-29)
103171,Maggi Coconut Milk Powder          1x1kg,Other food,6,11.37,12.99,4,14.25,UP,130.73,£11.37 (2024-07-27) → £9.25 (2024-10-12) → £14.39 (2025-08-16) → £11.99 (2026-01-29) → £12.99 (2026-06-04)
136749,Sysco Lime Juice                1x1ltr,Other food,16,2.01,2.18,3,8.46,UP,130.7,£2.01 (2024-07-23) → £1.87 (2024-11-07) → £1.93 (2025-04-12) → £2.18 (2026-04-14)
86647,Baking Parch Refill45cmx50m(cs)21C32 1x3,Other food,4,32.32,32.75,1,1.33,UP,129.71,£32.32 (2024-07-25) → £32.75 (2025-07-10)
133965,Sheese Original Spread            6x255g,Other food,8,14.25,14.54,3,2.04,UP,127.31,£14.25 (2024-08-06) → £12.99 (2024-11-14) → £14.46 (2025-05-15) → £14.54 (2025-11-18)
151969,MOMA Barista Professnl Oat 12x1ltr,Plant-based milk,7,14.99,16.99,5,13.34,UP,127.13,£14.99 (2025-01-29) → £21.02 (2025-05-03) → £19.99 (2025-08-28) → £21.16 (2026-01-08) → £17.99 (2026-02-24) → £16.99 (2026-05-09)
118560,Alpro Oat Drink                    1litr,Plant-based milk,9,1.94,1.94,2,0.0,SAME,125.79,£1.94 (2024-07-20) → £1.63 (2024-10-31) → £1.94 (2025-07-12)
2141,Brakes Clear Honey              1x3.17kg,Other food,6,23.97,14.61,2,-39.05,DOWN,125.39,£23.97 (2024-11-16) → £24.26 (2025-05-31) → £14.61 (2025-10-04)
9698,Brakes Sliced Green Jalepeno       1x3kg,Other food,18,6.54,6.47,3,-1.07,DOWN,125.39,£6.54 (2024-10-01) → £6.69 (2025-04-10) → £6.76 (2025-12-20) → £6.47 (2026-04-11)
152056,Unearthed Pitted Blck Olive  1x3.8kg,Other food,7,17.7,17.99,2,1.64,UP,125.14,£17.70 (2024-11-19) → £17.92 (2025-04-24) → £17.99 (2026-01-13)
26448,Brakes The Juice Cranberry         12x1L,Drinks,7,18.42,14.25,4,-22.64,DOWN,124.91,£18.42 (2024-11-14) → £16.48 (2025-04-12) → £16.55 (2026-01-29) → £9.99 (2026-04-14) → £14.25 (2026-05-12)
146186,Sysco Classic Straight Macaroni 5kg,Other food,11,7.77,7.77,2,0.0,SAME,124.53,£7.77 (2025-01-09) → £7.84 (2025-06-10) → £7.77 (2025-11-18)
134280,Riso Gallo Arborio Risotto Rice   1x1kg,Other food,5,4.6,4.6,0,0.0,SAME,124.2,£4.60 (2025-11-18)
114969,Brakes Swiss Style Muesli (33731)  4x2kg,Other food,5,17.92,22.31,2,24.5,UP,123.06,£17.92 (2024-08-15) → £21.30 (2024-11-14) → £22.31 (2026-06-09)
104628,British Cheese Board      1x840g,Other food,5,17.27,17.56,2,1.68,UP,121.62,£17.27 (2024-11-16) → £17.49 (2025-05-13) → £17.56 (2026-03-26)
136364,Crepe Cuis Vegan Pancake Americn 120x40g,Other food,2,30.23,30.38,1,0.5,UP,121.22,£30.23 (2025-08-19) → £30.38 (2026-06-04)
150143,Plenish Barista Oat         6x1ltr,Plant-based milk,6,9.49,12.3,2,29.61,UP,121.04,£9.49 (2024-11-07) → £12.09 (2024-12-07) → £12.30 (2026-05-12)
4793,Brake Sliced Mixed Peppers         1.5kg,Other food,9,4.13,3.31,2,-19.85,DOWN,120.93,£4.13 (2024-07-20) → £3.28 (2024-10-03) → £3.31 (2025-05-29)
5874,Brakes Flaked Almonds              1x1kg,Other food,5,17.99,14.54,1,-19.18,DOWN,119.77,£17.99 (2024-08-22) → £14.54 (2025-05-03)
118708,Diced Butternut Squash 20mm BB     1x1kg,Other food,2,3.48,3.77,1,8.33,UP,118.9,£3.48 (2025-09-13) → £3.77 (2026-06-04)
21512,Clr Sack Ref H/Duty 18x29x38(PC202)1x200,Other food,3,23.68,23.68,0,0.0,SAME,118.4,£23.68 (2026-02-26)
6039,Brakes Green Lentils               1x3kg,Other food,8,8.26,12.66,3,53.27,UP,118.39,£8.26 (2024-07-27) → £12.95 (2024-09-28) → £12.59 (2025-06-05) → £12.66 (2025-11-20)
74582,Brakes Whole Mini Camembert       6x125g,Other food,6,12.59,10.99,3,-12.71,DOWN,118.33,£12.59 (2024-11-28) → £13.67 (2025-05-13) → £13.74 (2026-01-29) → £10.99 (2026-05-23)
148819,Violife Mat Cheddar Flav Grated 1x500g,Other food,16,4.1,4.53,3,10.49,UP,118.11,£4.10 (2024-08-24) → £3.99 (2024-10-12) → £4.10 (2024-11-07) → £4.53 (2025-04-12)
15785,Caterer Butter Beans            1x2.55kg,Other food,3,5.54,5.25,1,-5.23,DOWN,117.24,£5.54 (2024-09-14) → £5.25 (2025-08-16)
5001529,Blackberries BB                   1x225g,Other food,1,4.82,4.82,0,0.0,SAME,115.68,£4.82 (2025-05-27)
134020,Vegan Mixed Berry Injected Muffin   1x30,Other food,3,25.62,29.8,1,16.32,UP,115.02,£25.62 (2025-01-14) → £29.80 (2025-07-31)
127344,Brakes Vegan Carrot & Pistachio T/C 1x18,Other food,2,22.24,22.96,1,3.24,UP,113.36,£22.24 (2024-09-19) → £22.96 (2024-10-12)
152188,Extons Mild Cheddar Slices         1x1kg,Other food,4,6.47,10.5,2,62.29,UP,112.37,£6.47 (2024-12-28) → £10.65 (2025-12-18) → £10.50 (2026-06-30)
4762,Sysco Classic Cut Beans            2.5kg,Other food,11,5.25,2.97,3,-43.43,DOWN,112.3,£5.25 (2024-07-23) → £2.94 (2024-11-14) → £3.08 (2025-04-12) → £2.97 (2026-02-26)
5003095,BlueDragon Extr Firm Silken Tofu 12x308g,Other food,3,23.18,23.32,2,0.6,UP,112.01,£23.18 (2025-06-10) → £19.15 (2025-11-25) → £23.32 (2026-03-19)
100262,Extra Virgin Olive Oil    1x2ltr,Other food,6,20.3,17.92,3,-11.72,DOWN,111.63,£20.30 (2024-11-09) → £19.86 (2025-02-06) → £17.85 (2025-05-15) → £17.92 (2025-10-11)
129923,Tyrrells Veg Crisps               24x40g,Other food,4,18.57,18.57,0,0.0,SAME,111.42,£18.57 (2025-01-09)
149035,DrSchar GF & V Brioche Burger Bun   1x24,Other food,4,27.35,28.0,1,2.38,UP,111.35,£27.35 (2025-03-03) → £28.00 (2025-12-04)
470655,Callebaut 70% Dark Choc Callet   1x2.5Kg,Other food,2,56.56,53.92,1,-4.67,DOWN,110.48,£56.56 (2024-10-24) → £53.92 (2025-09-04)
118890,Quaker Oats GF Original Porridge  5x510g,Other food,6,13.6,13.82,2,1.62,UP,109.8,£13.60 (2024-08-13) → £13.74 (2025-07-19) → £13.82 (2025-10-21)
149958,Kuhne Pickld Dill Gherkn Slices 1x2.45kg,Other food,8,9.78,10.0,2,2.25,UP,109.71,£9.78 (2025-02-11) → £9.93 (2025-05-27) → £10.00 (2025-10-23)
84693,Priory F Still Water PET F/Cap  24x500ml,Drinks,9,4.72,7.84,3,66.1,UP,108.32,£4.72 (2024-08-15) → £5.23 (2024-11-23) → £7.62 (2025-08-19) → £7.84 (2025-11-29)
85910,Callebaut Dark Choc Callets      1x2.5kg,Other food,2,54.06,54.06,0,0.0,SAME,108.12,£54.06 (2024-08-08)
151770,Sysco Classic Green Beans X Fine 1x2.5kg,Other food,6,4.82,4.53,3,-6.02,DOWN,107.22,£4.82 (2025-07-19) → £4.53 (2025-11-15) → £3.99 (2025-11-25) → £4.53 (2026-02-21)
350102,Tate & Lyle Light Brown Soft Sugar 1x3kg,Other food,4,10.22,11.15,3,9.1,UP,106.85,£10.22 (2025-03-29) → £10.36 (2025-04-17) → £11.01 (2026-03-31) → £11.15 (2026-07-07)
133195,GN 1/2 Poly Container - 20cm deep 1x1 CE,Other food,1,17.79,17.79,0,0.0,SAME,106.74,£17.79 (2026-06-09)
151763,Kingsmill 50/50 Thck Sliced Bread 8x800g,Other food,3,15.11,15.4,2,1.92,UP,106.56,£15.11 (2025-06-26) → £15.18 (2026-05-09) → £15.40 (2026-07-07)
129918,Tyrrells Lightly Sea Salt Crisps    1x24,Other food,5,13.24,14.03,3,5.97,UP,106.34,£13.24 (2024-11-23) → £13.96 (2025-04-12) → £9.99 (2026-03-26) → £14.03 (2026-04-11)
134991,Banquet Dor Apple Pie           1x1.25kg,Other food,4,7.98,7.48,1,-6.27,DOWN,106.22,£7.98 (2025-10-14) → £7.48 (2026-04-16)
151762,Kingsmill 50/50 Med Sliced Bread  8x800g,Other food,3,15.11,15.18,1,0.46,UP,106.12,£15.11 (2025-07-08) → £15.18 (2026-05-21)
118844,Pipers Crisps Anglesey Sea Salt   24x40g,Other food,4,11.99,14.46,1,20.6,UP,105.8,£11.99 (2025-11-29) → £14.46 (2026-01-13)
135180,Global Hacienda Green Asparagus      1kg,Other food,4,6.69,6.76,2,1.05,UP,105.13,£6.69 (2025-09-04) → £5.89 (2025-10-16) → £6.76 (2025-11-20)
132835,RTB Vegan Raspberry Croissant     44x90g,Other food,4,25.62,26.42,1,3.12,UP,104.88,£25.62 (2024-08-24) → £26.42 (2025-01-14)
85128,Sweetcorn                 1x2.1kg,Other food,5,5.18,5.25,1,1.35,UP,104.72,£5.18 (2025-03-20) → £5.25 (2025-07-05)
119646,Nocellara Olives (Whole)           1x1kg,Other food,6,11.58,11.58,0,0.0,SAME,104.22,£11.58 (2024-07-13)
85099,Priory Falls Still Wat PET      30x330ml,Drinks,4,6.83,7.19,1,5.27,UP,103.89,£6.83 (2025-05-20) → £7.19 (2026-06-20)
135454,Minor Figures Barista Oat     6x1ltr,Plant-based milk,8,10.07,10.79,3,7.15,UP,103.77,£10.07 (2024-12-07) → £10.72 (2025-09-02) → £9.99 (2026-01-13) → £10.79 (2026-01-31)
136539,Quaker Oat Raisin Granola        10x500g,Other food,5,20.73,20.73,0,0.0,SAME,103.65,£20.73 (2024-07-25)
126489,Violife Orig Flavour Grated       4x500g,Other food,5,18.99,22.53,3,18.64,UP,103.19,£18.99 (2024-10-03) → £20.30 (2025-03-20) → £22.38 (2025-04-12) → £22.53 (2025-10-25)
152602,Dark Belgian Couverture Choc  1x2.5kg,Other food,3,35.27,32.68,1,-7.34,DOWN,100.63,£35.27 (2025-07-08) → £32.68 (2026-04-16)
36037,Brakes Capers in Brine          1x2kg,Other food,7,13.89,15.4,4,10.87,UP,100.02,£13.89 (2024-09-14) → £13.74 (2024-12-07) → £13.96 (2025-04-10) → £15.11 (2025-11-22) → £15.40 (2026-05-23)
150144,Plenish Barista Almond          6x1ltr,Plant-based milk,5,10.99,13.96,2,27.02,UP,99.58,£10.99 (2024-11-07) → £13.74 (2024-12-07) → £13.96 (2026-05-28)
132721,Curtis Chia Seeds                 1x450g,Other food,9,2.58,2.66,1,3.1,UP,99.16,£2.58 (2024-07-23) → £2.66 (2026-01-15)
19839,Sysco Classic Chopped Tomato in Jce 800g,Other food,5,1.72,1.58,1,-8.14,DOWN,98.16,£1.72 (2024-11-16) → £1.58 (2025-10-25)
33592,Sysco Classic Oregano             1x100g,Other food,16,3.16,2.58,2,-18.35,DOWN,97.42,£3.16 (2024-07-30) → £2.44 (2024-11-30) → £2.58 (2025-10-23)
33351,Sysco Essential Medium Cut Chip 4x2.27kg,Other food,3,12.45,11.73,1,-5.78,DOWN,96.72,£12.45 (2024-07-23) → £11.73 (2024-12-03)
150142,Plenish Barista Soya        6x1ltr,Plant-based milk,5,9.49,12.3,2,29.61,UP,96.44,£9.49 (2024-11-07) → £12.09 (2024-12-07) → £12.30 (2026-05-12)
132615,PlantNation Vegan Grated Cheese    1x1Kg,Other food,6,9.21,9.71,2,5.43,UP,96.25,£9.21 (2024-10-03) → £9.64 (2025-06-03) → £9.71 (2026-01-17)
127135,Blue Dragon Firm SilkenTofu CASE 12x349g,Other food,3,23.97,23.97,0,0.0,SAME,95.88,£23.97 (2024-08-13)
71925,Sysco Class Triple Chese Pizza Blend 1kg,Other food,2,10.5,10.5,0,0.0,SAME,94.5,£10.50 (2026-04-23)
450531,Apples Red Large BB             1x8 Pack,Other food,1,1.88,1.88,0,0.0,SAME,94.0,£1.88 (2025-09-13)
4748,Brake Broccoli Florets 40/60(350033) 2kg,Other food,6,4.8,3.65,2,-23.96,DOWN,93.96,£4.80 (2024-07-30) → £3.76 (2024-10-22) → £3.65 (2026-05-09)
124992,Vegan Mozzarella                  4x500g,Other food,2,46.94,46.94,0,0.0,SAME,93.88,£46.94 (2024-11-02)
350099,Demerara Sugar (106064)            1x3kg,Other food,3,12.88,10.58,2,-17.86,DOWN,93.54,£12.88 (2024-08-15) → £10.43 (2025-03-13) → £10.58 (2025-08-16)
4198,Sysco Classic Chota Naan            1x30,Other food,5,7.55,7.77,2,2.91,UP,91.77,£7.55 (2025-07-31) → £7.62 (2026-02-14) → £7.77 (2026-06-09)
129002,The Meatless Farm Company Burger 36x113g,Other food,1,45.57,45.57,0,0.0,SAME,91.14,£45.57 (2025-03-03)
133540,KTC Gram Flour                     1x2kg,Other food,4,3.09,3.45,2,11.65,UP,90.92,£3.09 (2024-08-13) → £3.23 (2024-10-01) → £3.45 (2026-03-31)
130434,LaBo 4in Vegan Potato Burger Bun    1x45,Other food,3,22.6,23.03,1,1.9,UP,90.83,£22.60 (2025-07-22) → £23.03 (2025-11-04)
151123,Freshlock Sweetcorn Cobettes BB      1x6,Other food,4,4.53,4.53,0,0.0,SAME,90.6,£4.53 (2024-10-01)
324,Plain Chocolate Drops              1x3kg,Other food,3,19.72,26.34,2,33.57,UP,89.38,£19.72 (2024-07-20) → £21.66 (2025-03-29) → £26.34 (2025-09-18)
10545,Mushrooms Portabello PK            1.5kg,Other food,3,6.99,7.77,1,11.16,UP,89.34,£6.99 (2025-09-23) → £7.77 (2026-05-09)
134293,Sysco Classic Cracked Black Pepper 425g,Other food,7,6.4,8.34,2,30.31,UP,89.24,£6.40 (2024-11-19) → £8.20 (2025-06-12) → £8.34 (2026-01-13)
152058,Unearthed Pttd Green Olive       1x3.8kg,Other food,5,17.7,17.92,1,1.24,UP,88.94,£17.70 (2024-11-26) → £17.92 (2025-05-27)
149765,DWBH Donut The Belgiyummy           1x24,Other food,1,14.82,14.82,0,0.0,SAME,88.92,£14.82 (2025-12-19)
132995,White Metal Sack Holder 44x37x86cm 1x1,Other food,1,88.79,88.79,0,0.0,SAME,88.79,£88.79 (2024-08-13)
113654,ALPRO Soya For Professionals      1x1ltr,Plant-based milk,9,1.41,1.72,2,21.99,UP,88.78,£1.41 (2024-07-25) → £1.46 (2024-10-12) → £1.72 (2025-11-15)
132671,Applewood Smoky Vegan Slices      1x200g,Other food,10,2.43,3.16,2,30.04,UP,88.68,£2.43 (2024-07-13) → £2.87 (2025-01-18) → £3.16 (2025-05-15)
33829,"Brake 12 Thin & Crispy Pizza Base  1x18""",Other food,4,17.27,18.06,2,4.57,UP,88.65,£17.27 (2024-07-13) → £17.63 (2025-06-21) → £18.06 (2026-03-19)
149762,DWBH Donut Caramazing               1x24,Other food,2,14.75,14.75,0,0.0,SAME,88.5,£14.75 (2025-06-16)
127716,Miller?'s Savoury Biscuit Selec   12x125g,Biscuits,5,17.56,17.78,1,1.25,UP,88.24,£17.56 (2024-08-24) → £17.78 (2025-04-24)
100222,Sysco Plain Flour                1x16kg,Other food,8,10.89,11.09,2,1.84,UP,88.22,£10.89 (2025-03-03) → £10.99 (2025-04-12) → £11.09 (2025-12-19)
110079,Snack Essent Salted Cashews        1x1kg,Other food,4,14.54,14.82,1,1.93,UP,88.08,£14.54 (2024-10-22) → £14.82 (2025-11-22)
112832,Frozen Sliced Goats Cheese(20g)   1x500g,Other food,3,12.38,12.38,0,0.0,SAME,86.66,£12.38 (2024-11-30)
111309,Rice Flour                       1x1.5kg,Other food,8,3.45,3.23,2,-6.38,DOWN,86.52,£3.45 (2024-09-14) → £3.52 (2025-05-24) → £3.23 (2025-11-22)
135420,Sheese Mozzar Style Grated Vegan     1kg,Other food,2,9.49,9.71,1,2.32,UP,86.51,£9.49 (2024-11-16) → £9.71 (2025-09-02)
71734,Anchor Butter Portions Size 7      5x100,Other food,2,43.12,43.12,0,0.0,SAME,86.24,£43.12 (2025-06-19)
85100,Priory Falls Spark Water PET    30x330ml,Drinks,2,8.56,8.56,0,0.0,SAME,85.6,£8.56 (2025-05-15)
5007485,Gnocchi      3x1kg,Other food,3,8.49,8.49,0,0.0,SAME,84.9,£8.49 (2025-11-22)
152966,Vegan Vanilla with Pod Ice Cream  1x5ltr,Other food,2,16.62,17.2,1,3.49,UP,84.84,£16.62 (2025-10-16) → £17.20 (2026-06-04)
123367,Honeybuns GF Cinder Toffee Traybake  1x1,Other food,2,19.36,22.89,1,18.23,UP,84.5,£19.36 (2024-10-12) → £22.89 (2025-10-14)
113734,Schar Ciabatta Roll GF 1000030402 6x200g,Other food,4,13.89,14.25,1,2.59,UP,84.42,£13.89 (2024-07-25) → £14.25 (2024-10-24)
133678,Dr Oetker Cocoa Powder             1x1kg,Other food,2,9.64,15.18,1,57.47,UP,84.1,£9.64 (2024-08-08) → £15.18 (2025-07-26)
85184,Brakes Digestive Rounds          12x300g,Biscuits,6,10.16,10.62,1,4.53,UP,83.58,£10.16 (2024-07-23) → £10.62 (2024-10-12)
5026266,Dr.Oetker Prof Madagscn Van Extr 1x500ml,Other food,3,5.99,8.2,1,36.89,UP,83.57,£5.99 (2026-04-25) → £8.20 (2026-06-02)
470977,Marshalls Macaroni 3Kg           1 X 3Kg,Other food,8,8.99,9.21,2,2.45,UP,82.46,£8.99 (2024-12-03) → £9.14 (2025-04-12) → £9.21 (2025-10-16)
145986,Bridor Fully Baked Pain au Choc   20x70g,Other food,3,27.28,27.64,1,1.32,UP,82.2,£27.28 (2025-02-11) → £27.64 (2025-07-31)
132777,Alpro Oat No Sugars               8x1ltr,Plant-based milk,6,13.46,13.67,2,1.56,UP,81.67,£13.46 (2025-01-16) → £13.60 (2025-06-19) → £13.67 (2025-11-15)
33889,Olive Oil                 1x2ltr,Other food,2,28.36,24.54,1,-13.47,DOWN,81.26,£28.36 (2024-09-14) → £24.54 (2025-03-22)
106923,Brakes Burger Cheese Slices        1.4kg,Other food,2,9.99,9.99,0,0.0,SAME,79.92,£9.99 (2025-06-05)
136568,Beyond Meat Stack Burger 60x76g,Other food,1,79.84,79.84,0,0.0,SAME,79.84,£79.84 (2025-02-06)
115794,Brake Organic Natural Yogurt      1x2kg,Yoghurt & milk,4,6.62,5.18,2,-21.75,DOWN,79.04,£6.62 (2024-09-14) → £4.96 (2024-11-16) → £5.18 (2025-08-19)
152189,Extons Mature Cheddar Slices       1x1kg,Other food,6,6.47,6.58,2,1.7,UP,78.47,£6.47 (2024-12-28) → £6.54 (2025-04-17) → £6.58 (2025-10-21)
121752,Sysco Classic Sweet Potato Fries 4x2.5kg,Other food,1,39.09,39.09,0,0.0,SAME,78.18,£39.09 (2026-06-04)
135055,Beyond Meat Meatballs 1x3kg,Other food,1,38.99,38.99,0,0.0,SAME,77.98,£38.99 (2024-08-17)
70215,Brake Double Cream Fresh  RT    1x2.27L,Other food,4,7.89,8.99,3,13.94,UP,77.91,£7.89 (2024-07-23) → £8.29 (2024-07-30) → £10.29 (2025-07-05) → £8.99 (2025-12-18)
136157,Ardo Avocado Halves                1x1kg,Other food,2,6.49,6.49,0,0.0,SAME,77.88,£6.49 (2024-07-18)
25148,Osprio Porridge Oats               1x2kg,Other food,9,2.87,2.66,1,-7.32,DOWN,77.63,£2.87 (2024-08-22) → £2.66 (2025-07-15)
86251,Brakes Chilli Flavour Corn Chips 14x475g,Other food,1,38.15,38.15,0,0.0,SAME,76.3,£38.15 (2025-07-05)
151083,Flora Plant Btter Salted 24x200g,Other food,3,24.99,31.1,2,24.45,UP,76.08,£24.99 (2024-10-01) → £19.99 (2025-04-26) → £31.10 (2026-06-06)
150520,Wildfarmed Sourdough Seeded Bloomer  1x8,Other food,2,37.58,38.3,1,1.92,UP,75.88,£37.58 (2024-08-22) → £38.30 (2024-12-07)
126646,Lazy Lemon Juice                1x1ltr,Other food,4,3.16,3.16,0,0.0,SAME,75.84,£3.16 (2026-05-09)
146174,Sysco Classic Penne Pasta  1x5kg,Other food,5,8.42,9.42,2,11.88,UP,75.11,£8.42 (2024-08-22) → £9.57 (2025-07-31) → £9.42 (2026-01-29)
4266,Sysco Classic Extra Thin Fries   4x2.5kg,Other food,1,18.64,18.64,0,0.0,SAME,74.56,£18.64 (2024-07-13)
33585,Sysco Classic Paprika Pepper  1x480g,Other food,7,4.1,4.67,2,13.9,UP,74.25,£4.10 (2024-07-30) → £4.38 (2025-03-22) → £4.67 (2025-10-14)
150758,Glebe Farm Barista Coconut 6x1ltr,Plant-based milk,6,11.01,11.22,4,1.91,UP,73.45,£11.01 (2024-12-17) → £9.99 (2025-01-16) → £11.01 (2025-03-03) → £7.99 (2025-05-03) → £11.22 (2025-10-25)
74455,Org Whole Milk (Blue)               1x2L,Yoghurt & milk,2,2.66,2.58,1,-3.01,DOWN,73.04,£2.66 (2025-08-16) → £2.58 (2026-06-02)
151834,LaBo Shokupan Glazed Burger Bun     1x48,Other food,2,23.99,24.76,1,3.21,UP,72.74,£23.99 (2025-06-05) → £24.76 (2025-11-29)
5012467,Ardita Italian LaPolpa Chop Tom 6x2.5kg,Other food,2,23.97,24.26,1,1.21,UP,72.2,£23.97 (2026-06-23) → £24.26 (2026-07-11)
104070,Kraft Sandwich Wedge 60mm 1x500,Other food,2,36.06,36.06,0,0.0,SAME,72.12,£36.06 (2026-05-09)
4794,Brake Diced Mixed Peppers (Rd/Grn) 1.5kg,Other food,3,8.13,7.84,2,-3.57,DOWN,71.51,£8.13 (2024-07-13) → £7.77 (2024-11-14) → £7.84 (2025-06-07)
121379,Sysco Classic Table Salt (33706)   1x6kg,Other food,7,10.07,10.75,2,6.75,UP,71.34,£10.07 (2024-07-20) → £10.24 (2025-06-07) → £10.75 (2026-04-18)
18422,GVD Set Soured Cream   1x2kg,Other food,3,14.1,14.75,1,4.61,UP,71.15,£14.10 (2024-11-26) → £14.75 (2025-04-10)
149911,Granarolo Parmigiano Reg Grate 1x1kg,Other food,2,22.82,24.04,1,5.35,UP,70.9,£22.82 (2024-11-21) → £24.04 (2025-12-20)
5007221,McDougalls Vgn Strwbry Flv Jelly 1x1.4kg,Other food,3,14.18,14.18,0,0.0,SAME,70.9,£14.18 (2026-05-09)
4782,Sysco Classic Sweetcorn         2.5kg,Other food,4,4.99,6.69,2,34.07,UP,70.73,£4.99 (2025-01-14) → £5.18 (2025-03-01) → £6.69 (2025-08-12)
86515,Hairnet Blue          1x100,Other food,6,6.99,7.09,1,1.43,UP,70.7,£6.99 (2024-09-28) → £7.09 (2025-05-31)
591137,Nocellara Olives Whole OC 119646   1x1kg,Other food,5,11.73,11.8,1,0.6,UP,70.59,£11.73 (2025-07-15) → £11.80 (2025-10-07)
150803,Wildfarmed Slcd Sour Seed Bloomer 8x800g,Other food,2,31.99,38.22,1,19.47,UP,70.21,£31.99 (2024-10-22) → £38.22 (2025-01-18)
10729,Sunblaze Sundried Tomato In Veg Oil1x1kg,Other food,4,11.51,11.66,1,1.3,UP,69.81,£11.51 (2024-11-19) → £11.66 (2025-07-31)
521115,Yamas Greek Feta                  1x900g,Other food,2,13.89,13.96,1,0.5,UP,69.59,£13.89 (2025-05-22) → £13.96 (2026-04-18)
135789,HMCC Red Velvet Mini Cakes          1x18,Other food,2,17.34,17.34,0,0.0,SAME,69.36,£17.34 (2024-09-19)
28797,Opie Sliced Gherkins             1x2.3kg,Other food,7,7.48,8.06,2,7.75,UP,69.13,£7.48 (2024-11-26) → £7.55 (2025-06-05) → £8.06 (2025-11-04)
152601,Milk Belgian Couverture Choc 1x2.5kg,Other food,2,38.01,30.95,1,-18.57,DOWN,68.96,£38.01 (2026-01-29) → £30.95 (2026-06-20)
350157,Brakes Squeezy Clear Honey (86120)  680g,Other food,5,7.12,3.59,1,-49.58,DOWN,67.97,£7.12 (2024-07-27) → £3.59 (2025-12-20)
150519,Wildfarmed Sourdough White Bloomer   1x8,Other food,2,35.63,31.99,1,-10.22,DOWN,67.62,£35.63 (2024-08-22) → £31.99 (2024-10-24)
5024241,Barbera Extra Virgin Olive Oil    1x5Ltr,Other food,2,33.62,33.62,0,0.0,SAME,67.24,£33.62 (2026-04-16)
135418,Sheese Mat Cheddar Grated Vegan      1kg,Other food,4,9.49,10.29,1,8.43,UP,67.23,£9.49 (2024-11-14) → £10.29 (2025-09-02)
8796,Brakes Pecan Nuts                  1x1kg,Other food,3,19.36,23.82,1,23.04,UP,67.0,£19.36 (2025-07-31) → £23.82 (2025-11-25)
149497,Stute Raspberry Seeedless Jam NAS 6x430g,Other food,4,13.38,13.46,1,0.6,UP,66.98,£13.38 (2025-05-31) → £13.46 (2026-05-23)
5001729,Sysco Classic Vegan Mayonnaise   1x10ltr,Other food,3,21.66,22.74,2,4.99,UP,66.86,£21.66 (2025-12-18) → £22.46 (2026-06-04) → £22.74 (2026-07-11)
133542,Lotus Biscoff Smooth Spread      1x1.6kg,Biscuits,6,9.21,9.64,2,4.67,UP,66.77,£9.21 (2024-12-10) → £9.57 (2025-05-13) → £9.64 (2026-02-19)
120202,LaBo Chapatti                       1x96,Other food,2,22.24,22.24,0,0.0,SAME,66.72,£22.24 (2025-06-19)
124869,Garofalo G/F Penne Pasta          1x400g,Other food,8,2.01,2.15,1,6.97,UP,66.0,£2.01 (2024-11-19) → £2.15 (2026-01-08)
350103,Dark Brown Soft Sugar (106063)     1x3kg,Other food,5,11.87,10.86,3,-8.51,DOWN,65.97,£11.87 (2024-07-30) → £11.37 (2024-12-14) → £10.00 (2025-06-03) → £10.86 (2026-03-31)
3894,Sysco Classic Medium Cut Chips   6x2.5kg,Other food,2,22.49,20.89,1,-7.11,DOWN,65.87,£22.49 (2024-08-13) → £20.89 (2024-10-24)
152369,Alpro Oat Barista     8x1ltr,Plant-based milk,3,16.41,16.41,0,0.0,SAME,65.64,£16.41 (2025-06-10)
551,Brakes Yellow Split Peas           1x3kg,Other food,6,6.9,3.88,2,-43.77,DOWN,65.24,£6.90 (2024-08-22) → £4.02 (2025-02-06) → £3.88 (2025-08-12)
150943,Beechdean Classic Vanilla Ice Cream 1x5l,Other food,2,14.32,10.99,1,-23.25,DOWN,64.94,£14.32 (2026-04-16) → £10.99 (2026-06-30)
124886,Cheddar Cheese Arran Oak Smkd     1x200g,Other food,8,4.6,4.67,3,1.52,UP,64.35,£4.60 (2024-08-22) → £4.50 (2025-01-11) → £4.60 (2025-03-03) → £4.67 (2025-05-10)
152372,Prepared Banana Leaves BB        1x500g,Other food,3,7.98,8.06,1,1.0,UP,63.92,£7.98 (2025-06-05) → £8.06 (2026-04-16)
75350,LATBRI Cows Milk Mozz Ball       12x125g,Other food,2,15.83,16.05,1,1.39,UP,63.76,£15.83 (2024-11-19) → £16.05 (2025-07-31)
130799,Brake Vegan Vanilla Frozen Dessert  1x4L,Other food,5,9.06,9.57,3,5.63,UP,63.72,£9.06 (2024-11-26) → £8.25 (2025-01-14) → £9.21 (2025-05-17) → £9.57 (2026-02-12)
135304,McVities Tasties Digestives      12x300g,Biscuits,5,9.99,10.79,2,8.01,UP,63.64,£9.99 (2025-03-20) → £10.69 (2025-05-22) → £10.79 (2025-11-22)
134019,Vegan Double Choc Injected Muffin   1x30,Other food,1,31.82,31.82,0,0.0,SAME,63.64,£31.82 (2025-07-31)
129454,LaBo Vegan Slcd Brioche Style Bun 1x45,Other food,3,19.79,22.38,2,13.09,UP,63.4,£19.79 (2025-02-06) → £21.23 (2025-05-24) → £22.38 (2026-06-30)
119260,Ardo Quinoa                        1x1kg,Other food,3,3.95,3.95,0,0.0,SAME,63.2,£3.95 (2024-07-23)
149768,Birds Eye Mini Potato Waffles     1x918g,Other food,2,3.16,3.16,0,0.0,SAME,63.2,£3.16 (2025-03-13)
117489,LaBo Sliced Sourdough Loaf           1x8,Other food,2,31.46,31.46,0,0.0,SAME,62.92,£31.46 (2025-11-18)
135220,Brake Vegan Chocolate Ice Cream   1x4ltr,Other food,4,9.93,10.72,1,7.96,UP,62.74,£9.93 (2025-08-28) → £10.72 (2025-12-20)
149881,Kidderton Ash Goats Cheese 9x150g,Other food,2,29.99,32.75,1,9.2,UP,62.74,£29.99 (2025-03-03) → £32.75 (2026-05-09)
12718,Brake Salted Dairy Butter 70041  40x250g,Other food,1,62.49,62.49,0,0.0,SAME,62.49,£62.49 (2026-01-15)
103605,Coolicious Frozen Yoghurt  Mango 1x4ltr,Yoghurt & milk,2,5.99,6.33,1,5.68,UP,61.94,£5.99 (2024-07-20) → £6.33 (2024-08-22)
103604,Coolicious FrzYoghurt Strawberry 1x4ltr,Yoghurt & milk,2,5.99,6.33,1,5.68,UP,61.94,£5.99 (2024-07-20) → £6.33 (2024-08-22)
133979,Sun Pat Crunchy Peanut Butter      3x1kg,Other food,3,20.58,20.73,1,0.73,UP,61.89,£20.58 (2025-06-05) → £20.73 (2025-10-04)
56374,"12 Large White Khobez Bread        1x60""",Other food,3,20.51,20.51,0,0.0,SAME,61.53,£20.51 (2024-08-24)
71129,Sysco Clas Mild White Cheddar min 4.75kg,Other food,2,29.79,31.59,1,6.04,UP,61.38,£29.79 (2024-08-24) → £31.59 (2024-11-28)
127153,Mikado Rice Vinegar CASE         6x500ml,Other food,5,12.16,12.38,2,1.81,UP,61.3,£12.16 (2024-10-03) → £12.30 (2025-05-29) → £12.38 (2026-01-17)
89782,Brakes Blanched Almonds            1x1kg,Other food,2,15.26,15.26,0,0.0,SAME,61.04,£15.26 (2024-08-24)
60885,CC White Petit Pain                 1x50,Other food,2,12.16,12.16,0,0.0,SAME,60.8,£12.16 (2026-05-16)
5011992,Olympus FETA PDO Cheese           1x900g,Other food,2,9.5,10.43,1,9.79,UP,60.72,£9.50 (2026-03-26) → £10.43 (2026-05-09)
34415,Penne Rigate                     4x2.5kg,Other food,2,29.51,31.02,1,5.12,UP,60.53,£29.51 (2024-07-13) → £31.02 (2024-12-07)
133191,GN 1/2 Poly Container - 15cm deep 1x1 CE,Other food,1,14.99,14.99,0,0.0,SAME,59.96,£14.99 (2026-06-09)
71003,Brie (Whole 60%)   522705          1x3kg,Other food,2,27.93,31.82,1,13.93,UP,59.75,£27.93 (2024-11-16) → £31.82 (2025-05-13)
111707,LaBou 10in BarMarkd Flour Tortillas 4x18,Other food,5,11.87,12.09,2,1.85,UP,59.72,£11.87 (2024-10-12) → £12.02 (2025-05-03) → £12.09 (2025-10-14)
151766,Kingsmill W/Meal Med Sliced Bread 8x800g,Other food,4,14.9,14.9,0,0.0,SAME,59.6,£14.90 (2024-10-17)
146259,British Mixed Bby Plum Tomatoes PK 1x5kg,Other food,2,29.71,29.71,0,0.0,SAME,59.42,£29.71 (2024-08-17)
5000093,"3.5 Glazed Burger Bun 50g          2x21""",Other food,3,11.73,11.8,1,0.6,UP,58.93,£11.73 (2025-04-12) → £11.80 (2025-11-20)
4305,Jus-Rol Filo Pastry 500g             1x8,Other food,1,29.44,29.44,0,0.0,SAME,58.88,£29.44 (2024-08-22)
136148,Carrot Wedges PK                 1x2.5kg,Other food,3,7.91,6.76,1,-14.54,DOWN,58.68,£7.91 (2025-11-20) → £6.76 (2026-06-04)
136410,Sysco Prem Pressed Apple Juice   1x2.27L,Drinks,4,3.68,6.11,2,66.03,UP,58.6,£3.68 (2025-01-14) → £6.04 (2025-11-15) → £6.11 (2026-05-30)
145917,Heinz Vegan Mayonnaise              5Ltr,Other food,4,16.12,12.49,2,-22.52,DOWN,58.59,£16.12 (2024-07-23) → £14.99 (2025-03-20) → £12.49 (2026-04-18)
33325,Blueberries                   1x1kg,Other food,2,3.44,3.75,1,9.01,UP,58.14,£3.44 (2025-02-20) → £3.75 (2025-06-14)
117855,Mini Fresh Goats Cheese Log       6x125g,Other food,5,11.22,11.87,1,5.79,UP,58.05,£11.22 (2025-01-11) → £11.87 (2025-12-19)
71447,Cornish Yarg (Ind)                   1kg,Other food,2,29.01,29.01,0,0.0,SAME,58.02,£29.01 (2024-12-07)
125668,LaBo Vegan Brioche Styl Burger Bun45x80g,Other food,2,18.93,20.01,1,5.71,UP,57.87,£18.93 (2025-03-03) → £20.01 (2026-03-31)
10678,Fresher Red/Fat Cocoa Pwdr        1x500g,Other food,2,9.57,9.57,0,0.0,SAME,57.42,£9.57 (2025-12-18)
33583,Sysco Classic Ground Ginger       1x400g,Other food,7,6.69,5.82,3,-13.0,DOWN,57.09,£6.69 (2024-07-27) → £5.46 (2024-11-09) → £5.61 (2025-05-03) → £5.82 (2026-04-23)
150305,Hellmanns Vegan Mayonnaise         1x5lt,Other food,2,23.99,16.48,1,-31.3,DOWN,56.95,£23.99 (2024-07-27) → £16.48 (2025-09-18)
71819,Arla Pro Slcs Mature White Chedar 1x1kg,Other food,4,7.55,12.52,2,65.83,UP,56.68,£7.55 (2024-08-22) → £8.27 (2024-11-09) → £12.52 (2026-02-19)
135270,British Crisp Co Sea Salt         36x40g,Other food,2,18.57,18.64,1,0.38,UP,55.85,£18.57 (2025-05-27) → £18.64 (2026-01-29)
121832,Mackies Mdagascn Vanilla IceCrm  1x5L,Other food,1,18.57,18.57,0,0.0,SAME,55.71,£18.57 (2025-07-08)
115494,OMJ Apple Tang                  27x288ml,Other food,1,13.89,13.89,0,0.0,SAME,55.56,£13.89 (2026-07-02)
74897,Salad Cheese                        400g,Other food,4,5.75,5.39,1,-6.26,DOWN,55.34,£5.75 (2024-07-27) → £5.39 (2025-01-14)
521851,Yamas Halloumi     10x250g,Other food,2,27.57,27.57,0,0.0,SAME,55.14,£27.57 (2026-02-21)
33599,Sysco Classiic Std Curry Powder 1x500g,Other food,2,7.77,7.91,1,1.8,UP,54.95,£7.77 (2024-12-10) → £7.91 (2025-06-05)
450706,Tomatoes Speciality PK             1x3kg,Other food,1,18.12,18.12,0,0.0,SAME,54.36,£18.12 (2024-11-19)
26941,Brakes Golden Syrup Poly  7.26kg,Other food,2,19.14,17.56,1,-8.25,DOWN,54.26,£19.14 (2024-07-27) → £17.56 (2025-05-29)
149039,DrSchar GF & V Seeded Sandwich Loaf  1x6,Other food,2,26.92,27.28,1,1.34,UP,54.2,£26.92 (2024-10-12) → £27.28 (2025-08-21)
71776,G V Dairy Soft Cheese Low Fat 1x2kg,Other food,1,17.99,17.99,0,0.0,SAME,53.97,£17.99 (2025-12-20)
131602,Violife Original Sliced          1x200g,Other food,6,2.11,2.05,1,-2.84,DOWN,53.96,£2.11 (2024-07-20) → £2.05 (2024-10-12)
113653,ALPRO Almond Drink Unsweetnd      1x1ltr,Plant-based milk,4,1.79,1.79,0,0.0,SAME,53.7,£1.79 (2025-04-29)
133391,12 Piece Poly Piping Nozzle Set 1x1 CE,Other food,1,53.59,53.59,0,0.0,SAME,53.59,£53.59 (2024-12-12)
118169,Edamame Beans in pods       1x1kg,Other food,3,3.38,3.3,1,-2.37,DOWN,53.28,£3.38 (2024-11-14) → £3.30 (2025-12-18)
149599,Lion Dijon Mustard              1x2.27lt,Other food,4,13.17,13.38,2,1.59,UP,53.24,£13.17 (2025-02-11) → £13.31 (2025-05-17) → £13.38 (2025-11-13)
86027,Brakes Balsamic Vinegar           1x2ltr,Other food,5,10.58,10.79,3,1.98,UP,53.09,£10.58 (2024-08-22) → £10.50 (2024-11-16) → £10.72 (2025-04-10) → £10.79 (2026-01-17)
149597,Dr Oetker Prof GF Baking Powder   1x500g,Other food,6,3.09,3.16,1,2.27,UP,53.09,£3.09 (2024-07-13) → £3.16 (2025-07-10)
134434,Tyrrells Beef & Ale Crisps        24x40g,Other food,1,13.24,13.24,0,0.0,SAME,52.96,£13.24 (2024-08-27)
33606,Brakes Fine Cut Marmalade       1x2.72kg,Other food,6,8.7,8.92,2,2.53,UP,52.87,£8.70 (2024-11-14) → £8.85 (2025-05-20) → £8.92 (2026-01-29)
151188,St/St Gastronorm Pan 1/3 100mm Deep  1x1,Other food,1,8.69,8.69,0,0.0,SAME,52.14,£8.69 (2025-01-14)
149786,McD Jelly Crystals Strwberry Vgn 1x3.5kg,Other food,2,27.5,24.59,1,-10.58,DOWN,52.09,£27.50 (2025-05-20) → £24.59 (2025-06-21)
71508,Brake Quartr Blue Stiltn Apx    RT 2.0kg,Other food,2,25.7,26.06,1,1.4,UP,51.76,£25.70 (2024-11-16) → £26.06 (2025-05-13)
70219,Brakes Whole Milk (Blue)      RT 1x2.27L,Yoghurt & milk,2,2.87,2.87,0,0.0,SAME,51.66,£2.87 (2024-09-19)
150756,Foraged Shredded Mushroom Meat BB 1x500g,Other food,5,2.4,3.18,3,32.5,UP,51.22,£2.40 (2024-08-22) → £3.62 (2025-03-20) → £3.19 (2025-05-10) → £3.18 (2026-05-30)
88519,Brakes Basmati Rice                1x5kg,Other food,2,13.1,12.45,1,-4.96,DOWN,51.1,£13.10 (2025-09-18) → £12.45 (2026-05-28)
136235,This Isn?'t Beef Burger    20x113g,Other food,1,16.99,16.99,0,0.0,SAME,50.97,£16.99 (2025-01-11)
10404,Cauliflower Prepared Floret BB     2.5kg,Other food,1,12.74,12.74,0,0.0,SAME,50.96,£12.74 (2025-03-20)
3625,"LaBo Sesame Seed Bun 5            1x48""",Other food,4,8.2,9.42,1,14.88,UP,50.42,£8.20 (2024-07-20) → £9.42 (2024-12-28)
151209,St/St Gastronorm Pan 1/3 40mm Deep   1x1,Other food,2,4.53,4.6,1,1.55,UP,50.39,£4.53 (2025-01-16) → £4.60 (2025-11-18)
128345,Evian Still Natural Mineral Water 8x1.5L,Drinks,4,7.41,8.99,2,21.32,UP,49.99,£7.41 (2024-11-16) → £8.20 (2025-11-18) → £8.99 (2026-06-04)
85293,Sysco Classic Whole Blk Peppercorns 1kg,Other food,2,18.71,31.17,1,66.6,UP,49.88,£18.71 (2025-01-11) → £31.17 (2025-11-22)
89780,Brakes Chopped Apricots            1x3kg,Other food,2,24.9,24.9,0,0.0,SAME,49.8,£24.90 (2025-07-12)
135118,Veg Caramel & Choc GF Tart        12x85g,Other food,1,16.55,16.55,0,0.0,SAME,49.65,£16.55 (2024-08-17)
129274,Brakes Cooking & Baking       24x250g,Other food,2,15.76,17.78,1,12.82,UP,49.3,£15.76 (2024-11-07) → £17.78 (2025-08-14)
5018944,Mild Melt Grated Analogue Cheese 1x2kg,Other food,2,9.78,9.78,0,0.0,SAME,48.9,£9.78 (2026-05-23)
5002323,Sysco Classic Extr Virgn OliveOil 1x5ltr,Other food,1,24.4,24.4,0,0.0,SAME,48.8,£24.40 (2025-11-20)
1622,Brakes Cashew Kernels              1x1Kg,Other food,2,13.17,17.78,1,35.0,UP,48.73,£13.17 (2024-10-22) → £17.78 (2026-01-17)
20704,Scotblock Choc Drops Milk          1x3kg,Other food,1,24.33,24.33,0,0.0,SAME,48.66,£24.33 (2025-07-26)
105854,Lucky Boat Noodle No.1             1x9kg,Other food,2,24.11,24.4,1,1.2,UP,48.51,£24.11 (2024-10-31) → £24.40 (2025-06-21)
5012342,MMD Cacao & Pistachio Mini beignets 2x35,Other food,1,24.25,24.25,0,0.0,SAME,48.5,£24.25 (2026-06-30)
71004,Paysan Breton Le Brie              1x1kg,Other food,5,9.35,10.0,1,6.95,UP,48.05,£9.35 (2024-08-22) → £10.00 (2025-10-21)
10844,Sysco Classic Pumpkin Seeds       1x430g,Other food,3,9.21,9.86,1,7.06,UP,48.0,£9.21 (2024-09-14) → £9.86 (2025-12-20)
128315,Flat Rice Noodles                210x50g,Other food,1,47.94,47.94,0,0.0,SAME,47.94,£47.94 (2024-10-31)
5000543,Arla Large Shred Mozzarella        1x2kg,Other food,1,11.87,11.87,0,0.0,SAME,47.48,£11.87 (2025-12-18)
127211,Violife Prosociano VG Wedge       1x150g,Other food,6,3.02,3.38,1,11.92,UP,47.46,£3.02 (2024-08-22) → £3.38 (2025-09-02)
35014,Sysco Classic Cayenne Pepper    1x450g,Other food,3,8.99,9.78,2,8.79,UP,46.97,£8.99 (2025-03-22) → £9.21 (2025-05-15) → £9.78 (2026-07-07)
151146,J20 Mocktail Stra Org Bl Mojito 12x250ml,Other food,1,11.73,11.73,0,0.0,SAME,46.92,£11.73 (2026-04-18)
111263,"Labo Tortilla Wraps 8              12x8""",Other food,3,11.51,11.73,1,1.91,UP,46.7,£11.51 (2024-11-02) → £11.73 (2026-02-12)
115409,Walkers Ready Salted            32x32.5g,Other food,1,15.5,15.5,0,0.0,SAME,46.5,£15.50 (2025-05-17)
343,Glendelight                       1x1ltr,Other food,3,3.59,4.02,1,11.98,UP,46.09,£3.59 (2024-09-19) → £4.02 (2026-04-09)
134289,Sysco Classic Smoked Paprika  1x450g,Other food,7,4.1,4.38,2,6.83,UP,46.08,£4.10 (2024-07-30) → £4.24 (2025-06-10) → £4.38 (2025-11-20)
149492,Ariel Prof Formula Pro Plus Pwdr 1x6.5kg,Other food,2,22.96,22.96,0,0.0,SAME,45.92,£22.96 (2025-12-20)
122502,Brakes Thai Jasmine Rice           1x5kg,Other food,1,22.82,22.82,0,0.0,SAME,45.64,£22.82 (2025-09-18)
57033,"LaBo 4.5 Seeded Burger Bun         1x48""",Other food,4,9.42,9.06,2,-3.82,DOWN,45.45,£9.42 (2024-08-17) → £8.49 (2024-10-12) → £9.06 (2025-08-19)
450386,Loaf White Thick               6xEach PK,Other food,3,11.3,11.37,1,0.62,UP,45.34,£11.30 (2025-06-24) → £11.37 (2026-05-16)
130610,Brakes Nut Fruit & Seed Topper     1x1kg,Other food,5,7.55,7.55,0,0.0,SAME,45.3,£7.55 (2025-07-19)
71005,Brie Portions 50%                 6x180g,Other food,1,14.99,14.99,0,0.0,SAME,44.97,£14.99 (2024-12-14)
4115,Greens Branded Blackcurrants         1kg,Other food,1,7.49,7.49,0,0.0,SAME,44.94,£7.49 (2024-07-23)
5002508,Redefine Plant based Flank Stk 6x2x100g,Other food,1,44.7,44.7,0,0.0,SAME,44.7,£44.70 (2025-08-23)
131165,Whole Black Sesame seed           1x650g,Other food,4,8.63,8.78,3,1.74,UP,44.03,£8.63 (2024-09-14) → £8.78 (2025-02-18) → £8.92 (2025-06-05) → £8.78 (2025-12-04)
29379,Brakes Honey Portions            100x20g,Other food,3,18.93,12.51,1,-33.91,DOWN,43.95,£18.93 (2024-07-25) → £12.51 (2024-10-12)
10143,Red Kidney Beans     1x800g (KC1),Other food,2,1.55,1.65,1,6.45,UP,43.8,£1.55 (2024-11-30) → £1.65 (2025-01-21)
34020,Brakes Self Raising Flour         1x10kg,Other food,2,14.46,14.46,0,0.0,SAME,43.38,£14.46 (2024-07-27)
33487,LaBo Malted Wheat Petit Pain 40g   1x100,Other food,2,14.46,14.46,0,0.0,SAME,43.38,£14.46 (2024-10-05)
124560,Ardo Honey Glazd Rsting Parsnips 1x2.5kg,Other food,2,6.18,6.18,0,0.0,SAME,43.26,£6.18 (2025-11-20)
86905,Black Lrg H/Duty Refuse (P B107)  1x200,Other food,1,21.59,21.59,0,0.0,SAME,43.18,£21.59 (2024-12-14)
33515,LaBo Thick Grain Farmhouse Tin Loaf  1x8,Other food,1,21.45,21.45,0,0.0,SAME,42.9,£21.45 (2024-08-08)
114956,GF Plain White Flour (105860)      5x1kg,Other food,4,10.65,10.79,1,1.31,UP,42.74,£10.65 (2024-10-24) → £10.79 (2025-08-23)
450654,Sweet Potato Diced BB              1x1kg,Other food,1,4.27,4.27,0,0.0,SAME,42.7,£4.27 (2026-06-04)
450382,Loaf Brown Thick               6xEach PK,Other food,4,9.93,11.37,1,14.5,UP,42.6,£9.93 (2024-07-23) → £11.37 (2026-05-16)
151553,Plain Cookie Mix                   3.5kg,Other food,2,10.5,10.5,0,0.0,SAME,42.0,£10.50 (2025-05-29)
133196,GN 1/2 Poly Cont Drop On Hard Lid 1x1 CE,Other food,1,6.89,6.89,0,0.0,SAME,41.34,£6.89 (2026-06-09)
134489,Butlers Brit Trio Cheeseboard     6x155g,Other food,2,19.99,21.3,1,6.55,UP,41.29,£19.99 (2025-12-19) → £21.30 (2026-01-08)
136755,Judes Stickbar Salted Caramel PB 20x80ml,Other food,1,20.29,20.29,0,0.0,SAME,40.58,£20.29 (2025-08-19)
114204,Beans Fine PK                    1x1.5kg,Other food,2,10.07,10.07,0,0.0,SAME,40.28,£10.07 (2024-11-16)
135345,Stute NAS Fine Orange Marmalade   6x430g,Other food,3,13.38,13.46,1,0.6,UP,40.22,£13.38 (2025-06-12) → £13.46 (2026-04-16)
114962,Soft Light Brown Sugar 2104 CASE 10x500g,Other food,1,20.08,20.08,0,0.0,SAME,40.16,£20.08 (2025-04-17)
151022,Hazlemere Cider Vinegar 1x5ltr,Other food,6,6.62,6.76,2,2.11,UP,40.07,£6.62 (2024-08-22) → £6.69 (2025-05-29) → £6.76 (2026-01-17)
152436,Aviko Sweet Potato Fries        1x2.27kg,Other food,1,9.99,9.99,0,0.0,SAME,39.96,£9.99 (2026-05-09)
100211,Pitted Dates                       1x3kg,Other food,2,13.17,13.38,1,1.59,UP,39.93,£13.17 (2024-09-14) → £13.38 (2025-06-26)
136145,Ice Club Ice Cubes               5x1.8kg,Other food,5,3.95,4.02,1,1.77,UP,39.78,£3.95 (2026-02-24) → £4.02 (2026-07-02)
149606,Blackberries BB                   1x250g,Other food,2,6.62,6.62,0,0.0,SAME,39.72,£6.62 (2025-01-09)
136321,Sun Pat Smooth Peanut Butter      6x400g,Other food,2,19.5,19.5,0,0.0,SAME,39.0,£19.50 (2026-02-19)
121806,Clipper FTrade Org Peppermint En   1x250,Other food,2,19.36,19.58,1,1.14,UP,38.94,£19.36 (2024-11-07) → £19.58 (2025-06-07)
103603,Coolicious Frozen Yoghurt Plain 1x4ltr,Yoghurt & milk,1,6.33,6.33,0,0.0,SAME,37.98,£6.33 (2024-08-22)
134915,LaBo Handcrafted Sourdough Roll     1x40,Other food,1,18.99,18.99,0,0.0,SAME,37.98,£18.99 (2024-07-13)
27543,Sysco Classc Grtd Col Mild Cheddar 1x1kg,Other food,4,6.33,6.33,0,0.0,SAME,37.98,£6.33 (2024-08-27)
62320,Panier Ham & Cheese                 1x40,Other food,1,37.72,37.72,0,0.0,SAME,37.72,£37.72 (2025-05-20)
5002325,Sysco Essentials Pomace Oil 1x5ltr,Other food,1,18.86,18.86,0,0.0,SAME,37.72,£18.86 (2026-01-29)
22383,Somerset Brie                        1kg,Other food,3,12.45,12.66,2,1.69,UP,37.7,£12.45 (2025-03-03) → £12.59 (2025-05-10) → £12.66 (2026-06-04)
10163,Sysco Classc Mozz & Cheddar Grate  1x1kg,Other food,2,9.42,9.42,0,0.0,SAME,37.68,£9.42 (2026-06-20)
133531,Violife Greek White         1x200g,Other food,3,2.51,2.51,0,0.0,SAME,37.65,£2.51 (2025-09-02)
568,Brakes Semolina                    1x3kg,Other food,3,7.48,7.55,1,0.94,UP,37.61,£7.48 (2025-05-29) → £7.55 (2025-10-04)
145935,LaBo 8in White Khobez bread         20x5,Other food,1,37.58,37.58,0,0.0,SAME,37.58,£37.58 (2025-12-16)
152088,St/St Gastronorm Pan 1/3 - 65mm Deep 1x1,Other food,1,4.69,4.69,0,0.0,SAME,37.52,£4.69 (2025-11-18)
151774,Sysco Classic Slice Mixed Pepper 1x2.5kg,Other food,2,4.89,4.49,1,-8.18,DOWN,37.52,£4.89 (2025-12-06) → £4.49 (2026-06-04)
5003752,Carisma Nacho Cheese Jalapno Peppr 1x1kg,Other food,1,7.48,7.48,0,0.0,SAME,37.4,£7.48 (2026-04-16)
134012,Brake Vegan Stick Toffee Pudding    1x16,Other food,1,18.42,18.42,0,0.0,SAME,36.84,£18.42 (2024-10-12)
33595,Sysco Classic Rubbed Thyme        1x210g,Other food,7,4.38,4.74,2,8.22,UP,36.72,£4.38 (2024-10-31) → £4.53 (2025-04-24) → £4.74 (2025-12-06)
74153,Brakes Margarine                     2kg,Other food,6,4.38,4.67,1,6.62,UP,36.49,£4.38 (2024-07-13) → £4.67 (2025-05-20)
130803,Brake Vegan Choc Fudge Cake Pre-Cut 1x16,Other food,1,18.14,18.14,0,0.0,SAME,36.28,£18.14 (2024-10-12)
5154,Brakes Ground Almonds              1x1kg,Other food,1,18.06,18.06,0,0.0,SAME,36.12,£18.06 (2024-09-14)
89921,PG Tips Envelope Tea Bags          1x200,Other food,3,10.29,12.88,1,25.17,UP,36.05,£10.29 (2024-08-13) → £12.88 (2024-10-24)
146211,Lurpak Unsalted Butter    20x200g,Other food,1,35.99,35.99,0,0.0,SAME,35.99,£35.99 (2024-11-30)
4618,Bronte Traditnl Minipack Assorted  100x2,Biscuits,1,17.99,17.99,0,0.0,SAME,35.98,£17.99 (2024-07-27)
460609,Puff Pastrysheet 23 X15 (302538) 12x625G,Other food,1,35.78,35.78,0,0.0,SAME,35.78,£35.78 (2025-04-10)
130633,Moving Mountains Vegan Sausage   1x2kg,Other food,1,35.7,35.7,0,0.0,SAME,35.7,£35.70 (2025-03-20)
87011,Sysco Classic Cinnamon Sticks  1x170g,Other food,4,8.92,8.92,0,0.0,SAME,35.68,£8.92 (2024-09-14)
152077,Noels Gherkins Sliced Dill 1x2.45kg,Other food,3,11.66,12.3,1,5.49,UP,35.62,£11.66 (2025-04-10) → £12.30 (2026-06-06)
123351,LaBo 4in Soft White Mini Tacos     24x12,Other food,1,35.34,35.34,0,0.0,SAME,35.34,£35.34 (2025-10-11)
5010675,"Sysco Ess 4 Brioche Styl Burger Bun1x48""",Other food,1,11.73,11.73,0,0.0,SAME,35.19,£11.73 (2025-12-19)
148550,Sysco C GF Vegan ChocOrange Brownie 2x15,Other food,1,34.99,34.99,0,0.0,SAME,34.99,£34.99 (2025-07-15)
105881,Kelloggs Coco Pops               10x295g,Other food,1,34.91,34.91,0,0.0,SAME,34.91,£34.91 (2024-11-02)
129228,"15cm (6) GF Soft Corn Tortilla     6x24""",Other food,2,17.27,17.27,0,0.0,SAME,34.54,£17.27 (2024-10-12)
119103,Dried Porcini Mushrooms           1x500g,Other food,1,34.34,34.34,0,0.0,SAME,34.34,£34.34 (2026-05-30)
32731,LaBo Chocolate Twist                1x48,Other food,1,34.19,34.19,0,0.0,SAME,34.19,£34.19 (2024-09-26)
100168,Sysco Classic Sliced Mushrooms 2.65kg,Other food,2,5.68,5.68,0,0.0,SAME,34.08,£5.68 (2025-10-04)
5000101,Slicd Malted Sour Bloomer 14mm 5x1.575kg,Other food,1,34.05,34.05,0,0.0,SAME,34.05,£34.05 (2026-06-13)
53264,Mackies Traditional Dairy Ice Cream 5ltr,Other food,1,16.99,16.99,0,0.0,SAME,33.98,£16.99 (2026-07-02)
122924,Meredith&Drew Biscuit Assort Minipk 4x25,Biscuits,2,16.99,16.99,0,0.0,SAME,33.98,£16.99 (2024-07-13)
5010676,"Sysco Ess 4.5 FB Potato Burger Bun 1x48""",Other food,1,16.99,16.99,0,0.0,SAME,33.98,£16.99 (2026-06-06)
87800,Bottlegreen Elderflower Cordial  6x500ml,Drinks,2,16.98,16.98,0,0.0,SAME,33.96,£16.98 (2024-10-31)
130753,Pronto Mushroom Risotto            1x1kg,Other food,1,11.3,11.3,0,0.0,SAME,33.9,£11.30 (2026-01-29)
3243,Sysco Classic Sweetcorn     1kg,Other food,5,2.58,1.99,1,-22.87,DOWN,33.76,£2.58 (2024-11-23) → £1.99 (2025-08-28)
23348,Mascarpone                        1x500g,Other food,3,5.61,5.61,0,0.0,SAME,33.66,£5.61 (2025-05-15)
71063,Gnocchi                              3kg,Other food,1,8.34,8.34,0,0.0,SAME,33.36,£8.34 (2024-11-14)
150493,Glebe Farm Barista Almond Drink 6x1ltr,Plant-based milk,3,10.49,12.23,1,16.59,UP,33.21,£10.49 (2025-01-16) → £12.23 (2025-08-12)
127129,Brakes Artichoke Hearts  CASE    12x390g,Other food,1,33.18,33.18,0,0.0,SAME,33.18,£33.18 (2024-11-14)
34018,Brakes Plain Flour    1x10kg,Other food,1,16.34,16.34,0,0.0,SAME,32.68,£16.34 (2024-08-03)
149913,Latbri Mozzarella Speciale Pizza 1x1kg,Other food,1,10.86,10.86,0,0.0,SAME,32.58,£10.86 (2025-12-19)
88427,Tetley Decaf DfwString Envelopes 6x25,Other food,3,9.99,12.52,1,25.33,UP,32.5,£9.99 (2024-07-30) → £12.52 (2025-01-28)
126653,Coconut Creamed (KTC)          12x200g,Other food,2,16.19,16.26,1,0.43,UP,32.45,£16.19 (2025-08-16) → £16.26 (2026-05-28)
135399,Golden Chef Salted Tortilla Chip 12x300g,Other food,2,16.05,16.26,1,1.31,UP,32.31,£16.05 (2024-07-23) → £16.26 (2025-06-24)
153389,Seeded Rye Bread                 14x500g,Other food,1,32.1,32.1,0,0.0,SAME,32.1,£32.10 (2025-05-27)
71839,Arla Pro Slices Mild White Cheddar 1x1KG,Other food,1,10.65,10.65,0,0.0,SAME,31.95,£10.65 (2026-07-07)
124230,Black Compactor Sack (P B116)  1x100,Other food,2,15.83,16.05,1,1.39,UP,31.88,£15.83 (2025-03-01) → £16.05 (2025-06-03)
89781,Sysco Classic Chopped Dates        1x3kg,Other food,2,15.54,16.34,1,5.15,UP,31.88,£15.54 (2025-07-26) → £16.34 (2026-06-09)
113345,Millac Gold Single Cream          1x1ltr,Other food,2,1.99,1.99,0,0.0,SAME,31.84,£1.99 (2024-12-10)
105129,Beetroot Longlife BB              1x500g,Other food,3,0.97,1.02,1,5.15,UP,31.57,£0.97 (2025-01-14) → £1.02 (2025-08-16)
150844,Bite Churros Filled Caramel Crm  1x1.7kg,Other food,1,15.69,15.69,0,0.0,SAME,31.38,£15.69 (2025-05-08)
12085,Broccoli PK                          6kg,Other food,1,15.65,15.65,0,0.0,SAME,31.3,£15.65 (2026-06-04)
74550,Brakes Low Fat Natural Yoghurt       2kg,Yoghurt & milk,1,7.77,7.77,0,0.0,SAME,31.08,£7.77 (2026-01-17)
111396,Sysco Premium Fresh Orange     1x2.27ltr,Other food,2,7.7,7.77,1,0.91,UP,30.94,£7.70 (2025-06-28) → £7.77 (2025-11-15)
15764,Pit Cherries in Syrup             1x810g,Other food,3,3.09,3.09,0,0.0,SAME,30.9,£3.09 (2024-11-16)
134433,CD Space Runner Rocket Ice Lollies  1x30,Other food,1,10.29,10.29,0,0.0,SAME,30.87,£10.29 (2026-06-20)
150564,Large Portobello Mushrooms PK    1x1.5kg,Other food,2,7.47,7.77,1,4.02,UP,30.78,£7.47 (2025-03-15) → £7.77 (2026-04-23)
113100,La Bo Artisan Sourdough Seeded Loaf  1X4,Other food,2,14.97,15.76,1,5.28,UP,30.73,£14.97 (2024-10-22) → £15.76 (2026-01-17)
150304,Hellmanns Vegan Mayonnaise         1x2lt,Other food,2,10.22,10.22,0,0.0,SAME,30.66,£10.22 (2024-12-12)
591101,Tabasco Sauce OC 115054          12x57ml,Other food,1,30.59,30.59,0,0.0,SAME,30.59,£30.59 (2025-05-27)
127137,Brakes Balsamic Vinegar CASE    12x500ml,Other food,1,30.52,30.52,0,0.0,SAME,30.52,£30.52 (2026-05-21)
5000100,Slcd White Sour Bloomer 14mm     5x1.4kg,Other food,1,30.52,30.52,0,0.0,SAME,30.52,£30.52 (2025-05-27)
113099,La Bo Artisan Sourdough loaf         1x4,Other food,2,14.82,15.62,1,5.4,UP,30.44,£14.82 (2024-08-22) → £15.62 (2026-01-17)
2341,Sysco Classic Button Mushroom    1x2.5kg,Other food,1,10.14,10.14,0,0.0,SAME,30.42,£10.14 (2025-11-18)
129273,Brakes Cooking & Baking       36x250g,Other food,1,30.3,30.3,0,0.0,SAME,30.3,£30.30 (2025-10-04)
87846,Natural Vanilla Extract          1x500ml,Other food,2,6.04,6.04,0,0.0,SAME,30.2,£6.04 (2024-10-05)
126739,KTC Coconut Oil                   1x1ltr,Other food,4,5.03,5.03,0,0.0,SAME,30.18,£5.03 (2025-09-02)
132853,Stainless Steel Speed Peeler CE      1x1,Other food,2,4.59,3.49,1,-23.97,DOWN,30.12,£4.59 (2025-02-13) → £3.49 (2025-09-27)
705,H/Spring Still Water      24x330ml GLASS,Drinks,1,10.0,10.0,0,0.0,SAME,30.0,£10.00 (2024-11-30)
5024251,Barbera EV Olive Oil Citrus Flav 6x250ml,Other food,1,29.94,29.94,0,0.0,SAME,29.94,£29.94 (2026-06-04)
129529,Reliance Blue assorted Plasters 1x150,Other food,4,7.34,7.48,2,1.91,UP,29.71,£7.34 (2024-09-26) → £7.41 (2025-05-17) → £7.48 (2025-10-11)
149593,Burger Wrap Red 250x320mm      1x1000ea,Other food,1,29.58,29.58,0,0.0,SAME,29.58,£29.58 (2024-11-28)
148839,Valdigrano Tagliatelle Nest       8x500g,Other food,2,9.86,9.86,0,0.0,SAME,29.58,£9.86 (2025-11-20)
10513,Brake Ess Blue Centerfeed 1ply 250m  1x6,Other food,2,14.46,15.11,1,4.5,UP,29.57,£14.46 (2024-10-01) → £15.11 (2026-02-24)
133505,"White Rabbt glutn free pzza bse 10 1x15""",Other food,1,29.44,29.44,0,0.0,SAME,29.44,£29.44 (2024-12-07)
110777,LaBo GF Chocolate Brownie Traybake  1x12,Other food,1,14.68,14.68,0,0.0,SAME,29.36,£14.68 (2024-11-19)
74450,Brake Mature Cheddar Col Slice    1x500g,Other food,1,4.89,4.89,0,0.0,SAME,29.34,£4.89 (2025-07-26)
10787,Borlotti Beans  1xKC1/800g,Other food,1,2.44,2.44,0,0.0,SAME,29.28,£2.44 (2025-07-26)
22724,Butter Beans       1xkc1/800g,Other food,1,2.44,2.44,0,0.0,SAME,29.28,£2.44 (2025-07-19)
149605,Blueberries BB                    1x300g,Other food,2,4.82,4.82,0,0.0,SAME,28.92,£4.82 (2025-01-09)
9802,Sys Clas Extend Life Rapeseed Oil  20ltr,Other food,1,28.89,28.89,0,0.0,SAME,28.89,£28.89 (2025-01-14)
152187,Extons Emmental Cheese Slices      1x1kg,Other food,1,7.19,7.19,0,0.0,SAME,28.76,£7.19 (2024-11-23)
86805,Brakes Mint Sauce              1x2.27ltr,Other food,3,9.35,9.64,2,3.1,UP,28.56,£9.35 (2025-01-18) → £9.57 (2025-04-29) → £9.64 (2025-11-27)
89849,Brakes Cranberries                 1x1kg,Other food,3,8.99,9.78,1,8.79,UP,28.55,£8.99 (2025-01-18) → £9.78 (2025-10-14)
54300,Arran Dairies Natural Ice Cream 1x4.5ltr,Other food,1,14.25,14.25,0,0.0,SAME,28.5,£14.25 (2024-08-29)
18019,Lotus Caramelised Biscuits         1x300,Biscuits,2,14.25,14.25,0,0.0,SAME,28.5,£14.25 (2024-11-02)
112265,Bao (Hirata) Bun       2x30x50g,Other food,1,28.43,28.43,0,0.0,SAME,28.43,£28.43 (2025-09-06)
86516,Pal Hairnet White                  1x100,Other food,2,7.09,7.09,0,0.0,SAME,28.36,£7.09 (2026-01-29)
2351,Instant Dried Yeast               1x500g,Other food,4,4.67,4.74,1,1.5,UP,28.3,£4.67 (2024-07-25) → £4.74 (2025-08-07)
114211,Chillies Jalepeno PK             1x1.5kg,Other food,1,9.41,9.41,0,0.0,SAME,28.23,£9.41 (2025-11-18)
32815,Brake Fruit of the Forest Compote 6x500g,Other food,1,28.14,28.14,0,0.0,SAME,28.14,£28.14 (2024-11-28)
591019,Schweppes Lemonade Slimli OC 19507 6x2lt,Drinks,1,9.35,9.35,0,0.0,SAME,28.05,£9.35 (2026-04-16)
30927,Brake 12 SSwt 1/2 Cut Corn Cobs 1x1.35kg,Other food,1,4.67,4.67,0,0.0,SAME,28.02,£4.67 (2024-11-14)
71917,Brakes Sliced Emmental              500g,Other food,1,6.99,6.99,0,0.0,SAME,27.96,£6.99 (2025-07-29)
152781,Black Victorinox Pastry Knife 26.5cm 1x1,Other food,1,27.93,27.93,0,0.0,SAME,27.93,£27.93 (2025-07-31)
133493,Dried Mixed Forest Mushrooms      1x500g,Other food,2,13.96,13.96,0,0.0,SAME,27.92,£13.96 (2024-11-14)
85080,Paterson Trip Choc Giant Cookie     1x18,Biscuits,2,9.28,9.28,0,0.0,SAME,27.84,£9.28 (2024-11-07)
106727,Brakes Sliced Jalapeno Peppers     1x1kg,Other food,4,2.37,2.51,2,5.91,UP,27.61,£2.37 (2024-07-30) → £2.58 (2025-09-18) → £2.51 (2026-04-16)
71950,Sysco Classc Mat Chedd Color Grate 1x1kg,Other food,1,6.83,6.83,0,0.0,SAME,27.32,£6.83 (2024-12-14)
67004,Dooneys Sugared Ring Doughnuts      1x72,Other food,1,27.14,27.14,0,0.0,SAME,27.14,£27.14 (2025-07-26)
149031,DrSchar GF & V Brown Rolls          1x30,Other food,1,26.92,26.92,0,0.0,SAME,26.92,£26.92 (2025-07-24)
146273,Mission Sourdough Pitta             24x5,Other food,1,26.78,26.78,0,0.0,SAME,26.78,£26.78 (2024-08-24)
135344,Stute NAS Strawberry Jam          6x430g,Other food,1,13.38,13.38,0,0.0,SAME,26.76,£13.38 (2025-07-29)
32259,LaBo Fully Baked Bakers Basket     4x20,Other food,1,26.7,26.7,0,0.0,SAME,26.7,£26.70 (2024-12-28)
183993,GF & Vegan White Rolls          65gx30,Other food,1,26.56,26.56,0,0.0,SAME,26.56,£26.56 (2024-07-30)
33326,Cranberries                        1x1kg,Other food,1,8.85,8.85,0,0.0,SAME,26.55,£8.85 (2025-01-18)
126825,Coconut Water Natural        1x12x1Ltr,Drinks,1,26.49,26.49,0,0.0,SAME,26.49,£26.49 (2024-08-15)
150523,Wildfarmed Burger Bun             45x80g,Other food,1,26.27,26.27,0,0.0,SAME,26.27,£26.27 (2026-04-09)
5825,Roasted Salted Peanuts             1x1kg,Other food,4,3.74,3.74,0,0.0,SAME,26.18,£3.74 (2025-07-24)
591908,Sasco Mayonnaise Vegan              5ltr,Other food,1,13.02,13.02,0,0.0,SAME,26.04,£13.02 (2025-03-13)
125072,Judes Vegan Coconut Ice Cream     1x4ltr,Other food,1,25.91,25.91,0,0.0,SAME,25.91,£25.91 (2026-02-26)
123349,LaBo 10in Beetroot & Chia Tortilla  4x18,Other food,1,25.91,25.91,0,0.0,SAME,25.91,£25.91 (2025-04-12)
152261,Nairns GF Wholegrain Cracker      60x12g,Biscuits,2,12.81,12.95,1,1.09,UP,25.76,£12.81 (2024-11-21) → £12.95 (2025-05-15)
88932,Brakes Wholegrain Mustard     1x2.27ltr,Other food,2,10.0,7.84,1,-21.6,DOWN,25.68,£10.00 (2024-09-14) → £7.84 (2025-05-17)
591900,The Tofoo Co. Tempeh            6x200g,Other food,1,12.81,12.81,0,0.0,SAME,25.62,£12.81 (2026-07-11)
148557,LaBo FB Sliced Sourdough Burger Bun 1x48,Other food,1,25.55,25.55,0,0.0,SAME,25.55,£25.55 (2024-11-23)
102622,Carters Star Lemonade             8x2ltr,Drinks,2,6.26,6.47,1,3.35,UP,25.46,£6.26 (2024-12-07) → £6.47 (2026-04-18)
111361,BM Honey Mini Glass Jar           60x30g,Other food,1,25.41,25.41,0,0.0,SAME,25.41,£25.41 (2024-08-15)
152714,LaBo Rustic Focaccia             18x255g,Other food,1,25.41,25.41,0,0.0,SAME,25.41,£25.41 (2026-06-13)
33741,Brakes Strawberry Jam           1x2.72kg,Other food,2,12.66,12.66,0,0.0,SAME,25.32,£12.66 (2024-12-12)
16804,Brakes Easy Cook Long Grain Rice   1x5kg,Other food,1,12.59,12.59,0,0.0,SAME,25.18,£12.59 (2026-03-19)
2911,Hartleys Assorted Jam Portions   100x20g,Other food,1,12.52,12.52,0,0.0,SAME,25.04,£12.52 (2024-07-25)
100318,Hartleys Strawberry Jam Portions 100x20g,Other food,1,12.52,12.52,0,0.0,SAME,25.04,£12.52 (2024-10-01)
130790,Brake GF Vegan Chc Truf Brwnie Torte1x14,Other food,1,24.83,24.83,0,0.0,SAME,24.83,£24.83 (2024-10-12)
123807,Seabrook Prawn Cocktail             1x32,Other food,1,12.38,12.38,0,0.0,SAME,24.76,£12.38 (2026-07-02)
133980,Sun Pat Smooth Peanut Butter      3x1kg,Other food,1,24.76,24.76,0,0.0,SAME,24.76,£24.76 (2026-01-17)
134018,Vegan Lemon & Poppy Injected Muffin 1x30,Other food,1,24.62,24.62,0,0.0,SAME,24.62,£24.62 (2025-01-14)
4116,Brake Raspberries                   500g,Other food,2,6.69,8.92,1,33.33,UP,24.53,£6.69 (2024-11-26) → £8.92 (2026-04-16)
89700,Brakes Brown Malt Vinegar        1x5ltr,Other food,1,6.11,6.11,0,0.0,SAME,24.44,£6.11 (2026-07-07)
151506,Maggi Coconut Milk Powder         6x300g,Other food,1,24.4,24.4,0,0.0,SAME,24.4,£24.40 (2025-06-10)
134511,Cooldelight Cool Twin Lollies 60ml  1x40,Other food,1,12.19,12.19,0,0.0,SAME,24.38,£12.19 (2026-07-02)
112761,Pretzel Burger Buns                 1x42,Other food,1,24.33,24.33,0,0.0,SAME,24.33,£24.33 (2025-01-28)
85290,Sysco Classic Cracked Black Pepper 1x1Kg,Other food,1,24.26,24.26,0,0.0,SAME,24.26,£24.26 (2026-05-12)
113265,Penny Loaves Mix Box                3x24,Other food,1,24.11,24.11,0,0.0,SAME,24.11,£24.11 (2024-11-23)
85327,Clamshell Large 9X6in VA-SH89     1X200,Other food,1,23.99,23.99,0,0.0,SAME,23.99,£23.99 (2025-07-15)
71507,Brakes Blue Stilton Wedges     RT 6x150g,Other food,2,11.99,11.99,0,0.0,SAME,23.98,£11.99 (2024-12-14)
74453,Brakes Col Mild Ched Slices       1x500g,Other food,1,3.99,3.99,0,0.0,SAME,23.94,£3.99 (2025-08-21)
152075,Jumbo Carrots PK                  1x10kg,Other food,2,7.98,7.98,0,0.0,SAME,23.94,£7.98 (2024-11-28)
131420,Sysco Classic Sumac               1x500g,Other food,2,11.58,12.3,1,6.22,UP,23.88,£11.58 (2024-08-22) → £12.30 (2026-02-21)
12876,Mcdougalls Dark Chocolate Chips  1x1.1kg,Other food,2,10.58,13.24,1,25.14,UP,23.82,£10.58 (2024-10-24) → £13.24 (2026-01-29)
5023339,Calise Passion Red Croissant        1x40,Other food,1,23.68,23.68,0,0.0,SAME,23.68,£23.68 (2026-05-02)
151550,Just Love Vegan Choc Sponge          1x1,Other food,1,11.8,11.8,0,0.0,SAME,23.6,£11.80 (2024-10-12)
31541,Ubley Natural Yogurt Low Fat     12x150g,Yoghurt & milk,2,5.9,5.9,0,0.0,SAME,23.6,£5.90 (2024-07-27)
119509,Drivers Pickled Gherkins        1x2.25kg,Other food,3,7.84,7.91,1,0.89,UP,23.59,£7.84 (2025-03-01) → £7.91 (2025-04-10)
533,Brakes Long Grain Rice             1x3kg,Other food,2,7.84,7.84,0,0.0,SAME,23.52,£7.84 (2025-12-18)
85842,Sysco Classic Custard Powder     1x3.5kg,Other food,2,12.3,11.22,1,-8.78,DOWN,23.52,£12.30 (2024-12-12) → £11.22 (2025-12-18)
6082,Brakes Brown Lentils               1x3kg,Other food,1,11.73,11.73,0,0.0,SAME,23.46,£11.73 (2024-11-09)
107035,Maldon Sea Salt Tub              1x1.4kg,Other food,2,11.66,11.8,1,1.2,UP,23.46,£11.66 (2024-10-24) → £11.80 (2025-06-05)
146154,WeLoveCake GF Vegan Bakewell Tart 28x50g,Other food,1,23.39,23.39,0,0.0,SAME,23.39,£23.39 (2024-11-19)
186,Sysco Classic  Baked Beans 2.62kg (KC3),Other food,1,3.89,3.89,0,0.0,SAME,23.34,£3.89 (2024-08-06)
5627,Brakes Banana Chips                1x1kg,Other food,3,7.26,8.56,2,17.91,UP,23.23,£7.26 (2024-11-02) → £7.41 (2025-07-19) → £8.56 (2026-06-09)
5001175,Fairy Prof Non Bio Laundry Powdr 1x5.5KG,Other food,1,23.1,23.1,0,0.0,SAME,23.1,£23.10 (2025-10-23)
121808,Clipper Org Inf Lemon Ginger Env   1x250,Other food,1,22.89,22.89,0,0.0,SAME,22.89,£22.89 (2024-11-07)
147971,Sun Pat Crunchy Peanut Butter 6x400g,Other food,1,22.89,22.89,0,0.0,SAME,22.89,£22.89 (2025-05-08)
34022,Brakes Assorted Jam Portions     100x20g,Other food,1,11.43,11.43,0,0.0,SAME,22.86,£11.43 (2024-10-01)
5001165,Deepio Profes Degreaser Powder 5.5KG 1x1,Other food,1,22.74,22.74,0,0.0,SAME,22.74,£22.74 (2025-10-23)
148580,Freee GF Org Cornflakes Cereal    20x30g,Other food,2,11.3,11.44,1,1.24,UP,22.74,£11.30 (2024-10-26) → £11.44 (2025-06-03)
33581,Sysco Classic Ground Cinnamon   1x450g,Other food,4,5.54,5.9,2,6.5,UP,22.66,£5.54 (2025-01-28) → £5.68 (2025-08-16) → £5.90 (2026-03-21)
100171,Black Eye Beans   1xKC1/800g,Other food,2,3.23,3.23,0,0.0,SAME,22.61,£3.23 (2024-10-12)
4442,Dr Oetker White Choc Drops         1x3kg,Other food,1,22.6,22.6,0,0.0,SAME,22.6,£22.60 (2025-07-05)
450385,Loaf White Medium              6xEach PK,Other food,2,11.3,11.3,0,0.0,SAME,22.6,£11.30 (2025-05-17)
102078,Tilda Easy Cook Basmati Wild Rice  1x4kg,Other food,1,22.24,22.24,0,0.0,SAME,22.24,£22.24 (2024-07-13)
152274,Paclan Kitchn Liners Tall TieTop50L 1x90,Other food,2,11.08,11.08,0,0.0,SAME,22.16,£11.08 (2026-04-23)
5001173,Ariel Prof Regular Laundry Pwdr 1x5.5KG,Other food,1,22.02,22.02,0,0.0,SAME,22.02,£22.02 (2025-08-02)
4800,Brake Sliced Mushrooms             1.5kg,Other food,1,11.01,11.01,0,0.0,SAME,22.02,£11.01 (2025-11-20)
124866,Kikkoman Soy Sauce                1x1Ltr,Other food,1,7.34,7.34,0,0.0,SAME,22.02,£7.34 (2025-10-11)
17977,McVities Digestive Biscuits      12x360g,Biscuits,1,22.02,22.02,0,0.0,SAME,22.02,£22.02 (2025-06-10)
84688,Priory Falls Spark Wat PET      24x500ml,Drinks,1,7.26,7.26,0,0.0,SAME,21.78,£7.26 (2025-03-03)
133685,Dr Oetker Vanilla Extract         6x95ml,Other food,1,21.66,21.66,0,0.0,SAME,21.66,£21.66 (2024-07-20)
135645,Kellys Vegan Vanilla Ice Cream  1x4.5ltr,Other food,1,21.66,21.66,0,0.0,SAME,21.66,£21.66 (2025-07-15)
151373,Tomato Paste 28/30                1x800g,Other food,3,3.09,3.09,0,0.0,SAME,21.63,£3.09 (2024-10-24)
102610,Kelloggs Cornflakes Bag Pak       8x500g,Other food,1,21.59,21.59,0,0.0,SAME,21.59,£21.59 (2025-05-20)
5851,Rowntrees Fruit Pastil Lolly        1x32,Other food,1,21.59,21.59,0,0.0,SAME,21.59,£21.59 (2026-04-09)
105472,Potatoes Sweet PK                  1x6kg,Other food,1,10.79,10.79,0,0.0,SAME,21.58,£10.79 (2025-08-16)
114957,Freeby Self Raising Flour GF       5x1kg,Other food,2,10.65,10.79,1,1.31,UP,21.44,£10.65 (2025-03-29) → £10.79 (2025-08-23)
32245,LaBo Deli Sub Roll (Sliced)        1x54,Other food,1,21.16,21.16,0,0.0,SAME,21.16,£21.16 (2025-05-17)
119284,La Bo 4.5 FB Butermilk Burger Bun   1x48,Other food,1,21.09,21.09,0,0.0,SAME,21.09,£21.09 (2025-11-15)
106248,LaBo FB Sliced Glazed Brioche Bun   1x48,Other food,1,21.09,21.09,0,0.0,SAME,21.09,£21.09 (2025-10-21)
35010,LaBo Sliced Fruit Bread (Toast)     1x18,Other food,1,21.02,21.02,0,0.0,SAME,21.02,£21.02 (2025-01-14)
5002322,Sysco Classic Extr Virgn OliveOil 1x2ltr,Other food,2,9.21,11.8,1,28.12,UP,21.01,£9.21 (2026-02-24) → £11.80 (2026-03-31)
36141,Sysco Classic Thick Oven Chips   6x2.5kg,Other food,1,20.89,20.89,0,0.0,SAME,20.89,£20.89 (2024-10-24)
114201,Avocado PK                          1x14,Other food,1,20.83,20.83,0,0.0,SAME,20.83,£20.83 (2024-08-17)
186678,Donut the Golden Fry              1x12,Other food,3,6.83,6.75,2,-1.17,DOWN,20.77,£6.83 (2024-12-07) → £7.19 (2025-12-20) → £6.75 (2026-03-21)
125144,PY Kentucky Mop Head 16oz 1 x 1,Other food,2,1.43,1.5,1,4.9,UP,20.72,£1.43 (2024-12-07) → £1.50 (2026-03-07)
15958,Yeo Natural Yogurt Organic       12x120g,Yoghurt & milk,2,6.9,6.9,0,0.0,SAME,20.7,£6.90 (2024-07-27)
134989,The CC Natural Coconut Yoghurt     1x1Kg,Yoghurt & milk,1,6.83,6.83,0,0.0,SAME,20.49,£6.83 (2026-02-26)
149258,Sysco Classic Hash Browns        1x2.5kg,Other food,2,5.1,5.18,1,1.57,UP,20.48,£5.10 (2024-11-14) → £5.18 (2025-07-26)
70330,Brakes Sliced Brie         (32x20g) 640g,Other food,1,20.3,20.3,0,0.0,SAME,20.3,£20.30 (2024-10-31)
559543,Clear Compactor Sack (PC206) 1x100,Other food,1,20.3,20.3,0,0.0,SAME,20.3,£20.30 (2025-06-03)
10387,Papaya BB                           Each,Other food,1,3.37,3.37,0,0.0,SAME,20.22,£3.37 (2026-06-25)
74597,Rowan Glen Low Fat Mix Tray      12x125g,Other food,2,6.83,6.54,1,-4.25,DOWN,20.2,£6.83 (2024-07-20) → £6.54 (2025-09-13)
151141,Tetley Mixed Variety String Tag   6x25,Other food,1,9.99,9.99,0,0.0,SAME,19.98,£9.99 (2024-07-30)
149869,Go Free Crisp Rice Cereal         4x350g,Other food,2,9.64,10.29,1,6.74,UP,19.93,£9.64 (2024-10-26) → £10.29 (2025-09-16)
149767,Birds Eye Potato Waffles        6x1.02kg,Other food,1,19.86,19.86,0,0.0,SAME,19.86,£19.86 (2024-11-16)
70931,Fresh Exotic Fruit Salad PK      1x2.5kg,Other food,1,9.87,9.87,0,0.0,SAME,19.74,£9.87 (2025-01-09)
20964,Roddas Cornish Clotted Cream       907g,Other food,2,9.78,9.93,1,1.53,UP,19.71,£9.78 (2024-12-28) → £9.93 (2025-09-27)
12058,Passion Fruit BB                 10 Pack,Other food,4,3.24,3.3,1,1.85,UP,19.68,£3.24 (2024-08-24) → £3.30 (2025-01-09)
85702,Curtis Sultanas                    1x3kg,Other food,1,19.58,19.58,0,0.0,SAME,19.58,£19.58 (2025-01-21)
112341,Wild Mushroom Mix BB              1x500g,Other food,1,9.69,9.69,0,0.0,SAME,19.38,£9.69 (2025-05-10)
121809,Clipper Ftrade Org Inf Chamomile   1x250,Other food,1,19.36,19.36,0,0.0,SAME,19.36,£19.36 (2024-11-07)
100256,Sysco Classic Walnut Halves        1x1kg,Other food,1,19.36,19.36,0,0.0,SAME,19.36,£19.36 (2025-11-22)
100439,Noels Bicarbonate Of Soda         1x900g,Other food,3,3.3,3.38,2,2.42,UP,19.34,£3.30 (2024-07-27) → £2.99 (2025-03-13) → £3.38 (2025-07-19)
591248,Blueberries OC 149605 BB          1x300g,Other food,1,4.82,4.82,0,0.0,SAME,19.28,£4.82 (2025-08-02)
152396,EarthPlus PaperBag M 220x100x240mm 1x250,Other food,1,19.22,19.22,0,0.0,SAME,19.22,£19.22 (2026-05-16)
133751,Super Green Washing Up Liquid    2x5ltr,Other food,2,9.57,9.57,0,0.0,SAME,19.14,£9.57 (2025-05-03)
33580,Sysco Classic Whole Black Pepper 1x500g,Other food,1,19.14,19.14,0,0.0,SAME,19.14,£19.14 (2025-06-03)
150171,Piero Fornelli Penne Pasta         1x3kg,Other food,3,4.74,4.82,1,1.69,UP,19.12,£4.74 (2024-10-24) → £4.82 (2025-08-19)
128790,Kulana Pineapple Juice       1x12x1ltr,Drinks,1,19.0,19.0,0,0.0,SAME,19.0,£19.00 (2024-11-14)
32195,Sysco Clas Dairy Vanilla Ice Cream 1x4lt,Other food,1,9.5,9.5,0,0.0,SAME,19.0,£9.50 (2025-05-10)
5024249,Balsamic VgarModena IntenseFlavr 1x250ml,Other food,1,6.33,6.33,0,0.0,SAME,18.99,£6.33 (2026-04-16)
150173,Piero Fornelli Macaroni Pasta      1x3kg,Other food,2,4.74,4.74,0,0.0,SAME,18.96,£4.74 (2024-10-24)
89734,Plum Halves in Juice             1x2.5Kg,Other food,1,9.35,9.35,0,0.0,SAME,18.7,£9.35 (2024-10-31)
33582,Sysco Classic Madras Curry Powder 1x500g,Other food,1,4.67,4.67,0,0.0,SAME,18.68,£4.67 (2025-06-05)
135096,Schar Gluten Free PB White Rolls    1x24,Other food,1,18.57,18.57,0,0.0,SAME,18.57,£18.57 (2024-10-24)
89851,Brakes Dried Papaya                1x1kg,Other food,2,9.14,9.42,1,3.06,UP,18.56,£9.14 (2025-01-21) → £9.42 (2026-06-09)
132908,Stainless Steel Mixing Bowl 40cm 1x1  CE,Other food,1,9.19,9.19,0,0.0,SAME,18.38,£9.19 (2025-10-07)
133916,Kallo Yogurt Top Thk Rice Cake 33g 1x30,Other food,1,18.35,18.35,0,0.0,SAME,18.35,£18.35 (2024-08-15)
591845,Sysco Cl Treacle Tart OC33105  1x12ptn,Other food,1,18.35,18.35,0,0.0,SAME,18.35,£18.35 (2026-06-04)
111355,Sysco Classic Trad Thick Chips   4x2.5kg,Other food,1,18.28,18.28,0,0.0,SAME,18.28,£18.28 (2025-11-15)
112834,Halloumi Burger Slices           6x4x50g,Other food,1,18.14,18.14,0,0.0,SAME,18.14,£18.14 (2025-12-13)
149596,Dr Oetker Vanilla Flavouring     1x500ml,Other food,2,4.53,4.53,0,0.0,SAME,18.12,£4.53 (2025-05-10)
145938,Sysco Classic Polenta Cornmeal 1x3kg,Other food,2,4.53,4.53,0,0.0,SAME,18.12,£4.53 (2025-06-05)
25682,Red Plum Hvs Syrup (350132)   1x2.6kg,Other food,1,8.99,8.99,0,0.0,SAME,17.98,£8.99 (2024-11-14)
125123,Handle aluminium 135cm Green 1 x 1,Other food,2,3.52,3.59,1,1.99,UP,17.88,£3.52 (2024-12-07) → £3.59 (2025-05-13)
146176,Sysco Classic Wholemeal Penne      1x5kg,Other food,1,8.78,8.78,0,0.0,SAME,17.56,£8.78 (2026-05-09)
5012045,Suree Coconut Milk 17/19 1x2.9ltr,Other food,1,8.7,8.7,0,0.0,SAME,17.4,£8.70 (2026-05-02)
133624,Ubley Thick Creamy Peach Yog     12x110g,Other food,3,4.24,4.46,1,5.19,UP,17.4,£4.24 (2024-10-26) → £4.46 (2025-05-10)
33709,Sysco Classic Ground Nutmeg    1x450g,Other food,2,8.34,8.99,1,7.79,UP,17.33,£8.34 (2024-10-01) → £8.99 (2025-11-22)
4758,Sysco Classic Sliced Green Beans   2.5kg,Other food,1,8.63,8.63,0,0.0,SAME,17.26,£8.63 (2024-07-23)
151349,Futura Salad Cheese From Cow Milk 1x400g,Other food,1,3.45,3.45,0,0.0,SAME,17.25,£3.45 (2026-07-11)
1234,Sysco Essentials Vanilla Ice Cream 1x4lt,Other food,1,4.31,4.31,0,0.0,SAME,17.24,£4.31 (2024-12-14)
135523,Village Press Frshly Sqz Lemon Jce  1x1L,Other food,4,2.87,2.87,0,0.0,SAME,17.22,£2.87 (2024-10-24)
450449,Fresh Coriander PK        1x1kg,Other food,2,8.58,8.58,0,0.0,SAME,17.16,£8.58 (2024-11-14)
129227,"10cm (4) GF Soft Corn Tortilla     6x36""",Other food,1,17.13,17.13,0,0.0,SAME,17.13,£17.13 (2025-01-14)
152061,Biscoff Spread                     1x3kg,Other food,1,17.13,17.13,0,0.0,SAME,17.13,£17.13 (2025-07-29)
135853,Artichokes Jerusalem BB            1x1kg,Other food,1,4.25,4.25,0,0.0,SAME,17.0,£4.25 (2025-11-20)
106066,FT Icing Sugar                     1x1kg,Other food,2,3.74,3.16,1,-15.51,DOWN,16.96,£3.74 (2025-06-21) → £3.16 (2026-06-04)
152368,GVD Mascarpone 40% Fat            1x2kg,Other food,1,16.91,16.91,0,0.0,SAME,16.91,£16.91 (2025-07-12)
89843,Stainless Steel Scourers 40g 824/40 1x10,Other food,2,4.17,4.24,1,1.68,UP,16.89,£4.17 (2024-07-23) → £4.24 (2025-06-12)
4753,Sysco Choice Garden Peas (350058)  2.5kg,Other food,3,4.39,3.99,2,-9.11,DOWN,16.76,£4.39 (2024-08-13) → £4.19 (2025-09-06) → £3.99 (2025-12-04)
350092,Brakes Self Raising Flour          1x3kg,Other food,1,4.17,4.17,0,0.0,SAME,16.68,£4.17 (2025-08-14)
13007,Peppers Red PK                       5kg,Other food,1,16.65,16.65,0,0.0,SAME,16.65,£16.65 (2024-07-20)
40218,Marshall Short Cut Macaroni       1x6kg,Other food,1,16.62,16.62,0,0.0,SAME,16.62,£16.62 (2026-07-02)
136826,Redefine Plnt Lamb Kebab Mix  1x1kg,Other food,1,16.62,16.62,0,0.0,SAME,16.62,£16.62 (2024-08-17)
149063,Sysco Classic Crushed Tomato      1x10kg,Other food,1,16.62,16.62,0,0.0,SAME,16.62,£16.62 (2025-12-20)
151346,Crumble Topping Mix 3.5kg,Other food,1,16.41,16.41,0,0.0,SAME,16.41,£16.41 (2024-08-08)
136790,Beechdean Raspberry Sorbet      1x2.5ltr,Other food,1,8.2,8.2,0,0.0,SAME,16.4,£8.20 (2024-11-16)
3097,Walkers Oatcake Refills Bisc      24x75g,Biscuits,2,7.91,8.42,1,6.45,UP,16.33,£7.91 (2024-12-10) → £8.42 (2025-05-15)
564,Brakes Butter Beans                1x3kg,Other food,1,16.05,16.05,0,0.0,SAME,16.05,£16.05 (2024-10-24)
35023,Sysco Classic Baking Powder       1x800g,Other food,3,5.32,5.32,0,0.0,SAME,15.96,£5.32 (2024-07-27)
134428,Arla Lactofree Whole Milk         1x1ltr,Yoghurt & milk,3,1.49,1.86,2,24.83,UP,15.93,£1.49 (2024-10-17) → £1.79 (2024-12-07) → £1.86 (2026-04-11)
134410,Nairns Gluten Free Oatcakes       8x213g,Other food,1,15.76,15.76,0,0.0,SAME,15.76,£15.76 (2025-05-15)
135547,Brake Vegan Soft Spread            1x2kg,Other food,3,5.25,5.25,0,0.0,SAME,15.75,£5.25 (2025-04-24)
9711,Sysco Classic Self Raising Flour  1x16kg,Other food,1,15.62,15.62,0,0.0,SAME,15.62,£15.62 (2025-01-21)
124595,Duerrs Smooth Peanut Butter      1x2.5kg,Other food,1,15.47,15.47,0,0.0,SAME,15.47,£15.47 (2024-10-24)
126919,Brakes Gluten Free Penne Pasta   10x180g,Other food,1,15.4,15.4,0,0.0,SAME,15.4,£15.40 (2025-11-22)
152449,Coconut Collab Nat Coconut Yog 6x350g,Other food,1,15.33,15.33,0,0.0,SAME,15.33,£15.33 (2025-08-28)
4043,Sysco Mini PetitPain Malt Wheat PB 1x100,Other food,1,15.26,15.26,0,0.0,SAME,15.26,£15.26 (2026-06-20)
10368,Melon Water Size 6 PK               Each,Other food,2,3.78,3.78,0,0.0,SAME,15.12,£3.78 (2025-01-09)
35006,Sysco Classic Rubbed Basil        1x150g,Other food,2,3.02,3.02,0,0.0,SAME,15.1,£3.02 (2025-05-03)
4740,Sysco Classic Roasting Parsnips    1.5kg,Other food,1,5.03,5.03,0,0.0,SAME,15.09,£5.03 (2026-06-06)
110704,FirstAid All Blue Kit 20P HSE       1x1,Other food,1,14.99,14.99,0,0.0,SAME,14.99,£14.99 (2024-08-06)
152967,Vegan Salted Caramel Ice Cream    1x5ltr,Other food,1,14.99,14.99,0,0.0,SAME,14.99,£14.99 (2026-01-15)
151153,Leafy Clementines BB               1x1kg,Other food,1,2.99,2.99,0,0.0,SAME,14.95,£2.99 (2025-01-09)
151764,Kingsmill Sft Wh Med Sliced Bread 8x800g,Other food,1,14.9,14.9,0,0.0,SAME,14.9,£14.90 (2024-10-24)
1050,Cannellini Beans 1x800g (KC1),Other food,1,2.44,2.44,0,0.0,SAME,14.64,£2.44 (2025-07-26)
88423,Passion Fruit Coulis             2x500ml,Other food,1,14.61,14.61,0,0.0,SAME,14.61,£14.61 (2026-05-09)
10602,Tomatoes Cherry Red on the Vine PK   3kg,Other food,1,14.59,14.59,0,0.0,SAME,14.59,£14.59 (2024-11-19)
6296,Costa Coarse Sea Salt             1x750g,Other food,3,2.08,2.08,0,0.0,SAME,14.56,£2.08 (2025-02-11)
100326,Brakes Medium Oatmeal              1x3kg,Other food,1,7.26,7.26,0,0.0,SAME,14.52,£7.26 (2026-05-16)
28625,Harrogate Spa Still Water F/Cap 24x500ml,Drinks,1,7.26,7.26,0,0.0,SAME,14.52,£7.26 (2025-01-09)
5006859,Apetina Paneer Cheese 6x225g,Other food,1,14.46,14.46,0,0.0,SAME,14.46,£14.46 (2026-04-16)
33486,LaBo White Petit Pain 40g          1x100,Other food,1,14.46,14.46,0,0.0,SAME,14.46,£14.46 (2025-05-17)
5001527,Raspberries BB                    1x225g,Other food,1,4.82,4.82,0,0.0,SAME,14.46,£4.82 (2026-04-18)
4309,Sysco Essential Shortcrst Pastry 4x1.5kg,Other food,1,14.25,14.25,0,0.0,SAME,14.25,£14.25 (2025-05-24)
10600,Medjool Dates Fresh BB               1kg,Other food,1,14.18,14.18,0,0.0,SAME,14.18,£14.18 (2025-06-26)
111357,BM Raspberry Conserve MGJ         60x30g,Other food,1,14.03,14.03,0,0.0,SAME,14.03,£14.03 (2024-11-14)
23734,Hydrolife British Water Flatcap 24x500ml,Drinks,2,4.67,4.67,0,0.0,SAME,14.01,£4.67 (2024-12-03)
111359,BM Apricot Conserve MGJ           60x30g,Other food,1,13.96,13.96,0,0.0,SAME,13.96,£13.96 (2024-11-14)
111360,BM Orange Marmalade MGJ           60x30g,Other food,1,13.96,13.96,0,0.0,SAME,13.96,£13.96 (2024-11-14)
111356,BM Strawberry Conserve MGJ        60x30g,Other food,1,13.96,13.96,0,0.0,SAME,13.96,£13.96 (2024-11-14)
131388,Mushroom King Oyster PK            1x1kg,Other food,1,13.92,13.92,0,0.0,SAME,13.92,£13.92 (2024-11-14)
134614,Freee GF Rice Flour                1x1kg,Other food,1,2.3,2.3,0,0.0,SAME,13.8,£2.30 (2024-09-14)
101920,Sysco Classic Heavy Duty Blue Cloth 1x25,Other food,1,6.9,6.9,0,0.0,SAME,13.8,£6.90 (2025-06-14)
33328,Strawberries                       1x1kg,Other food,2,1.95,1.95,0,0.0,SAME,13.65,£1.95 (2024-11-02)
27640,Colmans Dijon Mustard          1x2.25ltr,Other food,1,13.6,13.6,0,0.0,SAME,13.6,£13.60 (2024-09-14)
136115,Qualcare Assorted Blue Plasters CE 1x100,Other food,2,4.53,4.53,0,0.0,SAME,13.59,£4.53 (2025-05-17)
34024,House Recipe Strawberry Jam Ptn  100x20g,Other food,1,13.53,13.53,0,0.0,SAME,13.53,£13.53 (2025-08-19)
136665,Princes Rhubarb Solid Pack      1x2.82kg,Other food,2,6.69,6.69,0,0.0,SAME,13.38,£6.69 (2025-12-09)
114868,Brake Oatflakes                    4x2kg,Other food,1,13.31,13.31,0,0.0,SAME,13.31,£13.31 (2026-05-16)
35051,Film Front Bags 7x7               1X1000,Other food,1,13.1,13.1,0,0.0,SAME,13.1,£13.10 (2026-05-21)
151768,Kingsmill Great White Bloomer     6x700g,Other food,1,13.1,13.1,0,0.0,SAME,13.1,£13.10 (2025-07-01)
135538,Panko Breadcrumbs                1x3.5kg,Other food,1,13.1,13.1,0,0.0,SAME,13.1,£13.10 (2024-07-25)
102443,Sysco Essentials Med Sliced Wml Loaf 1x8,Other food,1,13.1,13.1,0,0.0,SAME,13.1,£13.10 (2025-05-20)
102444,Sysco Essentials Thick Wht Slcd Loaf 1x8,Other food,1,13.1,13.1,0,0.0,SAME,13.1,£13.10 (2025-05-20)
150982,Ocean Spray Cranberry Pink 12x1ltr,Drinks,1,12.99,12.99,0,0.0,SAME,12.99,£12.99 (2025-05-31)
88448,PolycotnMed S/Sleeve Jacket 101/106cm CE,Other food,1,12.99,12.99,0,0.0,SAME,12.99,£12.99 (2025-07-22)
133224,White Serrated Bread Knife 20cm 1x1 CE,Other food,1,6.49,6.49,0,0.0,SAME,12.98,£6.49 (2025-07-31)
122001,Violife Mature Vegan Slices       1x200g,Other food,2,2.58,2.58,0,0.0,SAME,12.9,£2.58 (2026-02-19)
116227,Nairns G/F Oat Cracker              1x60,Biscuits,1,12.81,12.81,0,0.0,SAME,12.81,£12.81 (2024-07-27)
5002320,Sysco Classic Olive Oil          1x2ltr,Other food,1,12.81,12.81,0,0.0,SAME,12.81,£12.81 (2026-06-09)
125771,Tetley Caterers Decaf One Cup      1x440,Other food,1,12.81,12.81,0,0.0,SAME,12.81,£12.81 (2024-08-13)
104268,Carters Diet Lemonade             8x2ltr,Drinks,2,6.26,6.47,1,3.35,UP,12.73,£6.26 (2024-11-09) → £6.47 (2026-04-18)
151647,Chef William GF Breadcrumbs 1.5kg,Other food,1,12.59,12.59,0,0.0,SAME,12.59,£12.59 (2024-10-24)
26229,Smoked Almonds                     1x1kg,Other food,1,12.59,12.59,0,0.0,SAME,12.59,£12.59 (2025-07-31)
4789,Sysco Classic Mixed Vegetables   1x2.5kg,Other food,1,6.26,6.26,0,0.0,SAME,12.52,£6.26 (2026-04-23)
3235,Brake Mixed Vegetables               1kg,Other food,2,2.49,2.49,0,0.0,SAME,12.45,£2.49 (2025-12-18)
102606,Kelloggs Cornflakes Bag Pak       4x500g,Other food,1,12.38,12.38,0,0.0,SAME,12.38,£12.38 (2024-11-30)
151025,Hazlemere Distilled Vinegar 1x5ltr,Other food,3,4.1,4.17,1,1.71,UP,12.37,£4.10 (2024-08-22) → £4.17 (2026-05-28)
450112,Mushrooms Gourmet Selection BB      500g,Other food,1,6.18,6.18,0,0.0,SAME,12.36,£6.18 (2024-11-14)
36104,Kelloggs Crunchy Nut Cornflakes   4x500g,Other food,1,12.3,12.3,0,0.0,SAME,12.3,£12.30 (2024-07-25)
33596,Sysco Classic Bicarbonate Of Soda 1kg,Other food,2,3.95,4.1,1,3.8,UP,12.15,£3.95 (2024-10-26) → £4.10 (2025-05-13)
10377,Celeriac BB                         Each,Other food,1,2.02,2.02,0,0.0,SAME,12.12,£2.02 (2025-11-25)
2063,Noels Stem Ginger          1x1050g,Other food,1,12.09,12.09,0,0.0,SAME,12.09,£12.09 (2025-06-03)
145933,LaBo Wholemeal Pitta Breads          6x6,Other food,2,6.04,6.04,0,0.0,SAME,12.08,£6.04 (2025-11-15)
128306,Oatly Oat Drink Barista Editn     6x1ltr,Plant-based milk,1,12.02,12.02,0,0.0,SAME,12.02,£12.02 (2025-01-16)
134042,Spinneyfields Grtd White Mat Blend 1x2kg,Other food,1,12.02,12.02,0,0.0,SAME,12.02,£12.02 (2025-04-17)
134288,Sysco Classic Rosemary Needles    1x200g,Other food,3,3.88,4.17,2,7.47,UP,12.0,£3.88 (2024-11-19) → £3.95 (2025-04-24) → £4.17 (2026-02-14)
127384,Burns Kit in Compact Aura Box 1 x 1,Other food,1,11.99,11.99,0,0.0,SAME,11.99,£11.99 (2024-08-06)
71955,Low Fat Natural Yoghurt          12x115g,Yoghurt & milk,2,4.02,3.95,1,-1.74,DOWN,11.99,£4.02 (2024-09-26) → £3.95 (2024-10-24)
122406,Paterson SctishCrm Shrtbrd Finger 48x40g,Other food,1,11.99,11.99,0,0.0,SAME,11.99,£11.99 (2026-03-31)
151287,Equinox Firey Ginger Kombucha   12x250ml,Other food,1,11.87,11.87,0,0.0,SAME,11.87,£11.87 (2024-11-07)
151284,Equinox Rasp Elderflwr Kombucha 12x250ml,Other food,1,11.87,11.87,0,0.0,SAME,11.87,£11.87 (2024-11-07)
151403,Fix8 Sicilian Citrus Kombucha   12x250ml,Other food,1,11.87,11.87,0,0.0,SAME,11.87,£11.87 (2024-11-07)
30866,Free Flow Spinach Leaves       1kg,Other food,1,3.95,3.95,0,0.0,SAME,11.85,£3.95 (2024-12-10)
32391,"LaBo 10 FB White Sandwich Baguette 1x30""",Other food,1,11.8,11.8,0,0.0,SAME,11.8,£11.80 (2024-12-03)
119112,SpicenTice Sumac                1 x 180g,Other food,1,5.9,5.9,0,0.0,SAME,11.8,£5.90 (2025-05-24)
134291,Sysco Classic Whole Cumin Seeds 350g,Other food,3,3.81,4.02,2,5.51,UP,11.71,£3.81 (2025-03-01) → £3.88 (2025-04-24) → £4.02 (2026-05-28)
71762,Yeo Organic Raspberry Yoghurt     12x80g,Yoghurt & milk,3,3.81,3.81,0,0.0,SAME,11.43,£3.81 (2024-08-24)
78224,Wholesome Farms Skimmed Milk     6x2.27L,Yoghurt & milk,1,11.37,11.37,0,0.0,SAME,11.37,£11.37 (2024-09-26)
591733,Lemon Juice OC 128245 BB           1x1lt,Other food,1,3.74,3.74,0,0.0,SAME,11.22,£3.74 (2025-06-05)
149709,Sysco Classic Mashed Potato      1x2.5kg,Other food,1,5.61,5.61,0,0.0,SAME,11.22,£5.61 (2025-12-19)
103348,Sysco Classic Whole Star Anise   1x200g,Other food,1,11.22,11.22,0,0.0,SAME,11.22,£11.22 (2026-01-31)
71766,Yeo Strawbry Yogurt Organic       12x80g,Yoghurt & milk,3,3.45,3.81,1,10.43,UP,11.07,£3.45 (2024-08-24) → £3.81 (2024-11-14)
114951,Brake Plain Flour                6x1.5kg,Other food,1,11.01,11.01,0,0.0,SAME,11.01,£11.01 (2025-02-11)
501370,Tomato M/Mm PK                     1x6kg,Other food,1,10.99,10.99,0,0.0,SAME,10.99,£10.99 (2025-06-28)
28758,Sysco Classic RSS Baked Beans 1x2.62kg,Other food,1,3.66,3.66,0,0.0,SAME,10.98,£3.66 (2024-10-31)
150492,Glebe Farm Barista Soya Drink 6x1ltr,Plant-based milk,1,10.94,10.94,0,0.0,SAME,10.94,£10.94 (2026-01-31)
151023,Hazlemere Balsamic Vinegar 1x5ltr,Other food,1,10.94,10.94,0,0.0,SAME,10.94,£10.94 (2025-04-17)
136160,Ice Club Crushed Ice             5x1.8kg,Other food,2,3.59,3.74,1,4.18,UP,10.92,£3.59 (2025-08-23) → £3.74 (2026-05-23)
135215,KTC Gourmet Butter Flavouring     1x2.5L,Other food,1,10.86,10.86,0,0.0,SAME,10.86,£10.86 (2025-06-05)
125141,Plastic Kentucky Holder Green CE     1x1,Other food,2,1.5,1.58,1,5.33,UP,10.82,£1.50 (2024-12-07) → £1.58 (2026-03-07)
134409,Kim Chinese Pancakes 10 pack       10x10,Other food,1,10.79,10.79,0,0.0,SAME,10.79,£10.79 (2025-09-06)
25585,Strathmore Still Water Glass    12x750ml,Drinks,1,10.79,10.79,0,0.0,SAME,10.79,£10.79 (2025-12-09)
150735,Sys Class NAS Bakd Bean Tom Sce 12x418g,Other food,1,10.79,10.79,0,0.0,SAME,10.79,£10.79 (2024-10-31)
28283,Portico Tuna Chunks in Brine      1x800g,Other food,1,5.39,5.39,0,0.0,SAME,10.78,£5.39 (2026-06-30)
149607,Raspberries BB                    1x250g,Other food,1,5.39,5.39,0,0.0,SAME,10.78,£5.39 (2025-01-09)
111165,Gluten Free Mince Pie             1x12,Other food,1,10.65,10.65,0,0.0,SAME,10.65,£10.65 (2024-11-19)
2032,White Wine Vinegar         1x5ltr,Other food,1,10.65,10.65,0,0.0,SAME,10.65,£10.65 (2025-10-11)
152002,Cooks & Co Whole Green Figs Syprp 6x410g,Other food,1,10.58,10.58,0,0.0,SAME,10.58,£10.58 (2024-11-23)
2815,LaBo English Muffins 72g           1x48,Other food,1,10.5,10.5,0,0.0,SAME,10.5,£10.50 (2025-01-18)
133532,Violife Original Creamy       1x200g,Other food,3,2.01,2.15,1,6.97,UP,10.47,£2.01 (2024-08-06) → £2.15 (2025-10-25)
146187,Sysco Classic Orzo               12x500g,Other food,1,10.43,10.43,0,0.0,SAME,10.43,£10.43 (2025-09-25)
554,Brakes Green Split Peas      1x3kg,Other food,2,6.4,4.02,1,-37.19,DOWN,10.42,£6.40 (2024-08-22) → £4.02 (2025-02-06)
152152,Sysco Classic Sweetcorn in Water 1x2150g,Other food,1,5.18,5.18,0,0.0,SAME,10.36,£5.18 (2026-06-04)
34045,Royal Crown Whole Baby Corn Cobs  1.5kg,Other food,1,10.29,10.29,0,0.0,SAME,10.29,£10.29 (2024-10-26)
29070,Nakd Cashew Cookie Bar            18x35g,Biscuits,1,10.22,10.22,0,0.0,SAME,10.22,£10.22 (2024-11-02)
450113,Mushrooms Paris Brown BB            500g,Other food,1,2.55,2.55,0,0.0,SAME,10.2,£2.55 (2025-05-10)
33846,Sys Class 8 P/Apple Slices in Syrup 822g,Other food,1,5.1,5.1,0,0.0,SAME,10.2,£5.10 (2024-07-13)
5750,Brakes Chopped Mixed Nuts          1x1kg,Other food,1,10.07,10.07,0,0.0,SAME,10.07,£10.07 (2026-06-09)
5003758,Strong Roots Cauliflower Hashbrowns  1kg,Other food,1,4.99,4.99,0,0.0,SAME,9.98,£4.99 (2025-07-26)
13116,Carrots Prepared Diced 10mm BB     2.5kg,Other food,1,4.98,4.98,0,0.0,SAME,9.96,£4.98 (2026-06-04)
450381,Loaf Brown Medium              6xEach PK,Other food,1,9.93,9.93,0,0.0,SAME,9.93,£9.93 (2024-07-23)
114217,C2 Swede Netted  PK       1x12kg,Other food,1,9.84,9.84,0,0.0,SAME,9.84,£9.84 (2025-11-20)
71927,Brake Sunflower Light Spread       1x2kg,Other food,1,4.89,4.89,0,0.0,SAME,9.78,£4.89 (2024-11-07)
151391,Fresh Kitch Golden Beet Piccalilli 1x1kg,Other food,1,9.71,9.71,0,0.0,SAME,9.71,£9.71 (2026-01-15)
150170,Piero Fornelli Spaghetti           1x3kg,Other food,2,4.74,4.82,1,1.69,UP,9.56,£4.74 (2024-10-24) → £4.82 (2026-06-20)
10372,Mangetout Pre-Packed BB             500g,Other food,1,4.77,4.77,0,0.0,SAME,9.54,£4.77 (2024-10-26)
128762,Lyles Black Treacle Syrup         1x750g,Other food,2,2.37,2.37,0,0.0,SAME,9.48,£2.37 (2025-06-07)
591867,Ubley Yogurt Mix Low Fat OC71954 12x115g,Yoghurt & milk,1,4.74,4.74,0,0.0,SAME,9.48,£4.74 (2025-07-08)
70978,Brake Sunfl spread Dishes     100xsize10,Other food,1,9.42,9.42,0,0.0,SAME,9.42,£9.42 (2026-04-11)
101584,Evian Mineral Water              12x1ltr,Drinks,1,9.35,9.35,0,0.0,SAME,9.35,£9.35 (2024-11-09)
71402,Flora Original Spread              1x2kg,Other food,1,9.35,9.35,0,0.0,SAME,9.35,£9.35 (2024-08-03)
87867,Blue Dragon Soy Sauce             1x1ltr,Other food,2,5.03,4.25,1,-15.51,DOWN,9.28,£5.03 (2025-09-06) → £4.25 (2025-10-14)
16285,Blue Dragon Dark Soy Sauce        1x2ltr,Other food,1,9.21,9.21,0,0.0,SAME,9.21,£9.21 (2024-10-24)
86822,Brakes Cocktail Gherkins         1x2.3kg,Other food,1,9.21,9.21,0,0.0,SAME,9.21,£9.21 (2024-08-13)
4776,Sysco Essential Diced Carrots      2.5kg,Other food,1,4.6,4.6,0,0.0,SAME,9.2,£4.60 (2024-11-14)
151189,High Heat Spatula 16inch    CE       1x1,Other food,1,9.19,9.19,0,0.0,SAME,9.19,£9.19 (2025-07-31)
136913,Go Free Cornflakes                4x375g,Other food,1,9.06,9.06,0,0.0,SAME,9.06,£9.06 (2024-10-26)
113885,Herb Coriander Bunched BB         1x100g,Other food,2,1.1,1.23,1,11.82,UP,9.06,£1.10 (2024-10-17) → £1.23 (2025-06-28)
71954,Ubley Yogurt Mixed Low Fat       12x115g,Yoghurt & milk,1,4.53,4.53,0,0.0,SAME,9.06,£4.53 (2024-10-17)
146179,Sysco Classic Tricolour Fusilli    1x5kg,Other food,1,8.99,8.99,0,0.0,SAME,8.99,£8.99 (2025-09-25)
100325,Brakes Ground Rice                 1x3kg,Other food,1,8.92,8.92,0,0.0,SAME,8.92,£8.92 (2025-12-19)
5360,Muffin Paper Cases 2x1.75in MUF    1x480,Other food,1,8.92,8.92,0,0.0,SAME,8.92,£8.92 (2026-04-16)
10386,Figs Fresh BB                     6 Pack,Other food,1,4.43,4.43,0,0.0,SAME,8.86,£4.43 (2025-01-09)
89524,Sysco Choc Delight Mix          1x600g,Other food,2,4.38,4.46,1,1.83,UP,8.84,£4.38 (2025-07-29) → £4.46 (2026-06-20)
126924,Sysco Classic Vegan Mayonnaise 1x1ltr,Other food,1,2.94,2.94,0,0.0,SAME,8.82,£2.94 (2025-07-10)
33040,Luxury Baked Sourdough Crumpets      6x6,Other food,1,8.78,8.78,0,0.0,SAME,8.78,£8.78 (2025-01-18)
146172,Sysco Classic Spaghetti            1x5kg,Other food,1,8.78,8.78,0,0.0,SAME,8.78,£8.78 (2024-10-24)
152983,Sysco Classic Brown Bread&Roll Mix 3.5Kg,Other food,1,8.63,8.63,0,0.0,SAME,8.63,£8.63 (2025-06-21)
35002,Sysco Classic Garam Masala       1x405g,Other food,1,8.63,8.63,0,0.0,SAME,8.63,£8.63 (2025-06-19)
153002,Sysco Classic White Bread&Roll mix 3.5Kg,Other food,1,8.63,8.63,0,0.0,SAME,8.63,£8.63 (2025-06-21)
5012586,DeNigris Apple Cider Vinegar Mother 1x1L,Other food,1,4.31,4.31,0,0.0,SAME,8.62,£4.31 (2026-04-16)
3267,Marmite                           1x600g,Other food,1,8.56,8.56,0,0.0,SAME,8.56,£8.56 (2024-11-07)
10287,Grapefruit Pink BB                  Each,Drinks,1,0.57,0.57,0,0.0,SAME,8.55,£0.57 (2024-09-28)
125124,Handle Aluminium Blue 135cm 1 x 1,Other food,1,4.24,4.24,0,0.0,SAME,8.48,£4.24 (2025-02-13)
28884,Chefs Forage Caps 466 DM07W 1x100Sp,Other food,1,8.39,8.39,0,0.0,SAME,8.39,£8.39 (2025-01-14)
136786,Beechdean Lemon Sorbet          1x2.5ltr,Other food,1,8.2,8.2,0,0.0,SAME,8.2,£8.20 (2024-11-07)
134286,Sysco Classic Fennel seeds        1x330g,Other food,2,3.95,4.17,1,5.57,UP,8.12,£3.95 (2024-11-02) → £4.17 (2026-05-28)
188721,Glebe Farm Oat Barista Drink GF 6x1ltr,Plant-based milk,1,7.99,7.99,0,0.0,SAME,7.99,£7.99 (2025-01-16)
562,Brakes Pearl Barley                1x3kg,Other food,1,7.98,7.98,0,0.0,SAME,7.98,£7.98 (2024-08-22)
130609,Brakes Toasted Seed & Grain Topper 1x1kg,Other food,1,7.98,7.98,0,0.0,SAME,7.98,£7.98 (2025-01-16)
132513,Dosing Pump 1l 28mm Neck CE          1x1,Other food,1,1.99,1.99,0,0.0,SAME,7.96,£1.99 (2025-05-24)
131817,Micro Red Amaranth BB             1x25g,Other food,2,1.99,1.99,0,0.0,SAME,7.96,£1.99 (2024-11-14)
450610,Strawberries BB                   1x400g,Other food,1,3.98,3.98,0,0.0,SAME,7.96,£3.98 (2025-01-09)
134723,Arla Jord Oat Hemp Milk Altrn 6x1ltr,Plant-based milk,1,7.91,7.91,0,0.0,SAME,7.91,£7.91 (2025-01-25)
30319,LaBo White Batch Rolls             1x36,Other food,1,7.84,7.84,0,0.0,SAME,7.84,£7.84 (2024-12-14)
26949,Alpro Soya Milk                 15x250ml,Plant-based milk,1,7.77,7.77,0,0.0,SAME,7.77,£7.77 (2024-12-12)
115797,Brake Organic Strawberry Yogurt   1x2kg,Yoghurt & milk,1,7.7,7.7,0,0.0,SAME,7.7,£7.70 (2025-06-05)
133682,Dr Oetker Nat Sicilian Lem Extrct 6x35ml,Other food,1,7.7,7.7,0,0.0,SAME,7.7,£7.70 (2024-07-20)
10230,Cucumber Single BB                1xEach,Other food,2,0.58,0.79,1,36.21,UP,7.64,£0.58 (2025-06-28) → £0.79 (2026-03-26)
151256,DaVinci Cloudy Lemonade Syrup     1x1ltr,Drinks,1,7.62,7.62,0,0.0,SAME,7.62,£7.62 (2026-04-18)
74454,Organic Semi-Skimmed Milk    1x2L,Yoghurt & milk,1,3.81,3.81,0,0.0,SAME,7.62,£3.81 (2025-09-04)
19838,Sysco Classic Peel Plum Toms in Jce 800g,Other food,1,1.27,1.27,0,0.0,SAME,7.62,£1.27 (2025-02-18)
152694,Fresh Curry Leaves BB              1x50g,Other food,3,1.22,1.22,0,0.0,SAME,7.32,£1.22 (2025-06-14)
21314,H/Spring Water Still PVC       12x1.5ltr,Drinks,1,7.26,7.26,0,0.0,SAME,7.26,£7.26 (2025-06-07)
113713,Yeo Organic Mango & Vanill Yogurt 12x80g,Yoghurt & milk,2,3.45,3.81,1,10.43,UP,7.26,£3.45 (2024-08-24) → £3.81 (2024-11-14)
87110,Sysco Classic Tomato Paste       1x2.2kg,Other food,1,6.98,6.98,0,0.0,SAME,6.98,£6.98 (2025-06-19)
33587,Sysco Classic Arrowroot           1x500g,Other food,1,6.9,6.9,0,0.0,SAME,6.9,£6.90 (2026-06-04)
557784,Wire Grill Brush  c/w Scraper  1x1 CE,Other food,1,3.39,3.39,0,0.0,SAME,6.78,£3.39 (2026-05-09)
28288,Brakes Golden Bread Crumbs       1x3.5kg,Other food,1,6.69,6.69,0,0.0,SAME,6.69,£6.69 (2024-11-16)
4515,Brakes Condensed Milk (47006)    1x397g,Yoghurt & milk,1,2.22,2.22,0,0.0,SAME,6.66,£2.22 (2025-08-16)
4349,Fine Sea Salt                     1x750g,Other food,1,1.65,1.65,0,0.0,SAME,6.6,£1.65 (2024-12-14)
87020,Metal Ice Cream Scoop 1.8oz 1x1Sp 589219,Other food,1,6.59,6.59,0,0.0,SAME,6.59,£6.59 (2026-06-04)
5003653,Sysco Classic Extra olive oil 1x1 litre,Other food,1,6.54,6.54,0,0.0,SAME,6.54,£6.54 (2025-11-22)
116370,Asparagus BB                      1x500g,Other food,1,6.44,6.44,0,0.0,SAME,6.44,£6.44 (2024-11-14)
88386,Brakes Balsamic Glaze           1x400ml,Other food,1,6.33,6.33,0,0.0,SAME,6.33,£6.33 (2024-08-22)
450109,Mushrooms Large Flat 100/135mm PK  1.8kg,Other food,1,6.25,6.25,0,0.0,SAME,6.25,£6.25 (2025-03-20)
106540,Broccoli                         1x2.5kg,Other food,1,6.04,6.04,0,0.0,SAME,6.04,£6.04 (2024-10-22)
149050,Cooks & Co Green Figs In Syrup 1x820g,Other food,1,3.02,3.02,0,0.0,SAME,6.04,£3.02 (2025-07-24)
5020275,Pip & Nut Smooth Peanut Butter 1x1kg,Other food,1,6.04,6.04,0,0.0,SAME,6.04,£6.04 (2026-02-24)
133318,Black Plastic Finepeel Y Peeler 1x1 CE,Other food,1,2.99,2.99,0,0.0,SAME,5.98,£2.99 (2025-02-13)
27240,Pelican Pump 5L 38Mm Cap             1x1,Other food,1,2.99,2.99,0,0.0,SAME,5.98,£2.99 (2025-10-21)
10265,Grapes White Seedless BB            500g,Other food,1,1.99,1.99,0,0.0,SAME,5.97,£1.99 (2024-09-28)
132644,Maldon Original Salt              1x570g,Other food,1,5.82,5.82,0,0.0,SAME,5.82,£5.82 (2026-07-02)
133503,Llaeth Mix Bio Live Yogurt       12x125g,Yoghurt & milk,1,5.61,5.61,0,0.0,SAME,5.61,£5.61 (2026-01-08)
88884,Sysco Classic Sunflower Seeds      1x1kg,Other food,1,5.25,5.25,0,0.0,SAME,5.25,£5.25 (2026-06-04)
86870,Lemon Flavouring                 1x500ml,Other food,1,5.03,5.03,0,0.0,SAME,5.03,£5.03 (2025-07-10)
86134,DaV Toffee W Devon Cream Drizzle  1x500g,Other food,1,2.44,2.44,0,0.0,SAME,4.88,£2.44 (2024-10-12)
29547,Blue Powder-free Vinyl MED GD13M 1x100,Other food,1,4.79,4.79,0,0.0,SAME,4.79,£4.79 (2024-11-07)
10477,Swede Whole PK                      Each,Other food,1,0.79,0.79,0,0.0,SAME,4.74,£0.79 (2025-11-25)
33591,Sysco Classic Parsley               100g,Other food,1,4.67,4.67,0,0.0,SAME,4.67,£4.67 (2026-01-31)
12008,Coconut BB                          Each,Other food,2,0.86,0.95,1,10.47,UP,4.39,£0.86 (2025-01-09) → £0.95 (2026-05-28)
119391,High Fruit Strawberry Coulis      1x500g,Other food,1,4.31,4.31,0,0.0,SAME,4.31,£4.31 (2024-10-24)
133623,Ubley Thick Creamy Strawb Yog    12x110g,Other food,1,4.24,4.24,0,0.0,SAME,4.24,£4.24 (2024-10-26)
125117,White Dishcloth 30x40cm 1 x 10,Other food,1,4.24,4.24,0,0.0,SAME,4.24,£4.24 (2025-10-14)
33611,Brakes Distilled White Vinegar   1x5ltr,Other food,1,4.1,4.1,0,0.0,SAME,4.1,£4.10 (2025-05-29)
133365,Silicone Pastry Brush 17.5cm 1x1 CE,Other food,1,4.09,4.09,0,0.0,SAME,4.09,£4.09 (2024-11-14)
86420,Wood Skewer 18cm  338W   1x200,Other food,1,2.01,2.01,0,0.0,SAME,4.02,£2.01 (2024-11-14)
5004034,Rowse Chilli Fusion Honey 1x680g,Other food,1,3.95,3.95,0,0.0,SAME,3.95,£3.95 (2025-11-13)
450662,Chunky Sweet Pot & Bttnt Squash BB 1x1kg,Other food,1,3.92,3.92,0,0.0,SAME,3.92,£3.92 (2026-06-04)
450524,Salad Leaf Mix PK                 4x250g,Other food,1,3.92,3.92,0,0.0,SAME,3.92,£3.92 (2025-07-31)
86514,White Mob Cap DM01               1x100,Other food,1,3.79,3.79,0,0.0,SAME,3.79,£3.79 (2024-09-28)
148653,Beechdean Apple Oat Iced Dessert  1x2ltr,Other food,1,3.75,3.75,0,0.0,SAME,3.75,£3.75 (2024-10-03)
148652,Beechdean Berry Oat Iced Dessert  1x2ltr,Other food,1,3.75,3.75,0,0.0,SAME,3.75,£3.75 (2024-10-03)
135834,Muller Thick Creamy Strawb Yog 12x110g,Other food,1,3.66,3.66,0,0.0,SAME,3.66,£3.66 (2024-11-14)
5003208,Biotiful Original Gut Health Kefir 1x1L,Other food,1,3.59,3.59,0,0.0,SAME,3.59,£3.59 (2026-03-31)
114205,Beanshoots BB                     1x350g,Other food,1,0.87,0.87,0,0.0,SAME,3.48,£0.87 (2025-06-28)
71155,Cravendale Fresh Whole Milk      1x2 ltr,Yoghurt & milk,1,3.02,3.02,0,0.0,SAME,3.02,£3.02 (2025-06-12)
152516,Green Birds Eye Chilli BB         1x250g,Other food,1,2.94,2.94,0,0.0,SAME,2.94,£2.94 (2025-02-20)
119851,Ardo Sliced Okra                   1x1kg,Other food,1,2.66,2.66,0,0.0,SAME,2.66,£2.66 (2024-11-14)
117818,Ardo Red Chilli Chopped           1x250g,Other food,1,2.44,2.44,0,0.0,SAME,2.44,£2.44 (2024-10-12)
102656,Herb Purple Basil Micro BB         1x30g,Other food,1,2.4,2.4,0,0.0,SAME,2.4,£2.40 (2025-08-23)
10228,Celery BB                          Bunch,Other food,1,1.14,1.14,0,0.0,SAME,2.28,£1.14 (2025-12-09)
125114,Micro Green Basil  BB              1x30g,Other food,1,2.15,2.15,0,0.0,SAME,2.15,£2.15 (2024-11-14)
152148,Lovice Vanilla Oat Ice Dream  1x900ml,Other food,1,1.0,1.0,0,0.0,SAME,2.0,£1.00 (2026-06-02)
102653,Samphire BB                       1x100g,Other food,1,1.5,1.5,0,0.0,SAME,1.5,£1.50 (2024-11-28)
150906,1 inch round DKDOW FridayLabel CE 1x1000,Other food,1,1.43,1.43,0,0.0,SAME,1.43,£1.43 (2025-03-29)
150901,1 inch round DKDOW MondayLabel CE 1x1000,Other food,1,1.43,1.43,0,0.0,SAME,1.43,£1.43 (2025-03-29)
150902,1 inchround DKDOW TuesdayLabel CE 1x1000,Other food,1,1.43,1.43,0,0.0,SAME,1.43,£1.43 (2025-03-29)
150907,1 inchroundDKDOW SaturdayLabel CE 1x1000,Other food,1,1.43,1.43,0,0.0,SAME,1.43,£1.43 (2025-03-29)
150904,1 inchroundDKDOW ThursdayLabel CE 1x1000,Other food,1,1.43,1.43,0,0.0,SAME,1.43,£1.43 (2025-03-29)
150903,1 inchroundDKDOW WednesdyLabel CE 1x1000,Other food,1,1.43,1.43,0,0.0,SAME,1.43,£1.43 (2025-03-29)
113882,Herb Large Mint Bunched BB        1x100g,Other food,1,1.3,1.3,0,0.0,SAME,1.3,£1.30 (2025-06-28)
