title,course,diet,prep_minutes,cook_minutes,yield,ingredients,method,allergens,vedanta_notes
Acai Coconut Pudding,Appetizer; Dessert; Snack,Vegetarian; Sattvic; No onion; No garlic; Egg-free; Dairy Free; Naturally Gluten Free; Vegan,10,720,1,2 tbsp organic chia seeds | 2 tbsp coconut yoghurt | 150 ml organic coconut milk | 1 tbsp organic date sugar,"Soak the chia seed in the coconut milk overnight. | Mix the soaked chia seed, yogurt and date sugar together. | To create the layers, separate the mixture and add increasing amounts of acai powder. | Layer it up.",dairy,"Vedanta kitchen: vegetarian, no onion, no garlic, no eggs, no mushrooms, no alcohol. | Use stainless steel, cast iron, glass or clay — never aluminium."
Air Fryer Corn with Paprika and Peanuts,Main Course,Vegetarian; Sattvic; No onion; No garlic; Egg-free; Vegan,5,15,4 people,4 fresh corn cobs | 2 tbsp organic extra virgin olive oil | 1 tsp organic paprika | natural fine sea salt | organic cracked black pepper | 2 tbsp water | Lime wedges | Chopped coriander | Sliced red chillies | roasted peanuts (crushed),"Line the air fryer basket with parchment paper made for air fryers. | Pour a small splash of water (about 2 tbsp) onto the parchment to create a touch of steam and keep the corn juicy. | Brush the corn evenly with olive oil, making sure all the kernels get a good coating. | Sprinkle over the paprika, then season generously with salt and pepper. | Arrange the cobs in a single layer on top of the parchment. | Air fry at 200°C for 12 minutes, turning once halfway through, until the corn is lightly charred and golden in spots. | Serve hot straight from the fryer with a squeeze of lime, a scattering of coriander, fresh sliced red chillies, and a generous sprinkle of crushed roasted peanuts.",,"Vedanta kitchen: vegetarian, no onion, no garlic, no eggs, no mushrooms, no alcohol. | Use stainless steel, cast iron, glass or clay — never aluminium."
Almond Pesto With Roasted Tomato,Main Course,Vegetarian; Sattvic; No onion; No garlic; Egg-free,15,15,4 People,¼ tsp hing (asafoetida) | 1 tbsp organic extra virgin olive oil | 500 g cherry tomatoes | 400 g organic spaghetti | Natural fine sea salt | organic cracked black pepper | 1 tbsp organic extra virgin olive oil | 50 g organic almonds | 100 g vegetarian hard cheese or nutritional yeast or plant-based cheese | handful of basil | 1/2 lemon | natural fine sea salt,"To make the pesto, place the almonds in a frying pan and roast over a medium to high heat until they start to colour. | Warm a little ghee or olive oil and bloom the hing for a few seconds until fragrant, then continue. | This should take 3-4 minutes, then remove from the pan and allow to cool. | Roughly chop the ginger and juice the lemon then place in a food processor with the almonds and the rest of the pesto ingredients. | Blitz until roughly chopped but not completely smooth. | Next, place the tomatoes in a baking tray, drizzle with the olive oil and season generously with salt and pepper. | Roast in the oven for 20 minutes at 200c then set aside in a warm place. | Cook the spaghetti according to packet instructions, drain (reserving 2 tbsp of the cooking water) then add back to the saucepan. | Mix in the pesto along with the cooking water and serve with the roasted tomatoes on top.",gluten,"Vedanta kitchen: vegetarian, no onion, no garlic, no eggs, no mushrooms, no alcohol. | Use stainless steel, cast iron, glass or clay — never aluminium. | Hing is bloomed in hot ghee or oil; a pinch is enough."
Apple and Pecan Tart,Dessert,Vegetarian; Sattvic; No onion; No garlic; Egg-free,15,30,4,2 apples | 50 g butter or plant based alternative | 1 tbsp organic brown sugar | 1 tbsp organic maple syrup | 1 tsp organic vanilla extract | 1 tsp organic plain flour | 1 large sheet of ready rolled puff pastry | 50 g organic pecans,"Peel 2 apples, slice into quarters, removed the core then finely slice. | Place the apples in a frying pan with the butter, sugar and maple syrup. | Cook on a medium heat for 2-3 minutes, stirring gently so that the apples don’t break up. | Add the vanilla extract and flour and cook for a further 2-3 minutes, again stirring gently. | Set aside and let cool. | Now place the pecans in a frying pan and gently toast until they become golden. | Allow to cool, then roughly chop. | Next, take the sheet of pastry and lay on a piece of baking paper. | Place a plate roughly the same size as the pastry on top and cut around to create a circle. | Take a sharp knife and lightly cut a smaller circle about 1cm from the edge. Don’t cut right through the pastry, just make an indent. | Now neatly lay the cooled apples on top of the pastry. | Bake at 200c for 20 minutes or until the pastry is golden brown. | Scatter the chopped pecans on top and serve warm or allow to cool.",gluten; dairy,"Vedanta kitchen: vegetarian, no onion, no garlic, no eggs, no mushrooms, no alcohol. | Use stainless steel, cast iron, glass or clay — never aluminium."
Asian Noodle Salad,dinner; Lunch; Side Dish,Vegetarian; Sattvic; No onion; No garlic; Egg-free; Naturally Gluten Free; Vegan,10,5,2 people,"150 g organic gluten free brown rice noodles | 4 radishes finely sliced | Half a cucumber diced in 1cm cubes | 50 g Organic roasted peanuts chopped | Handful of chopped coriander | 1 small thumb ginger grated | 1 tsp organic unrefined cane sugar | 1 lime juiced | 1 tbs organic tamari soy sauce | 1 tsp fresh lemon juice | 1 tsp organic sesame oil | 1 tbsp organic extra virgin olive oil | ½ tsp roasted cumin powder | ½ tsp fresh ginger, grated","To make the dressing, combine all of the ingredients except the oil and whisk together until the sugar has dissolved. | Now slowly drizzle in the oil whilst still whisking. | Cook the noodles according to packet instructions then drain and run under cold water. Drain again and pat dry. | In a large bowl, add the noodles, radishes, coriander stems and cucumber. | Combine all ingredients together then pour over the dressing. | Mix again and serve topped with roasted peanuts and coriander.",gluten; sesame; soya,"Vedanta kitchen: vegetarian, no onion, no garlic, no eggs, no mushrooms, no alcohol. | Use stainless steel, cast iron, glass or clay — never aluminium. | Cold dressings use lemon, ginger and roasted cumin instead of garlic."
Aubergine and Harissa Rice,Lunch; Main Course,Vegetarian; Sattvic; No onion; No garlic; Egg-free,15,55,4 people,"¼ tsp hing (asafoetida) | 1 tbsp organic extra virgin olive oil | 1 celery stalk | 250 g aubergine, diced | 25 g sun-dried tomatoes, plus 30 g walnuts, chopped | 2 bay leaves | 2 tsp harissa paste | 350 g organic brown rice | 700 ml vegetable stock | natural fine sea salt | organic cracked black pepper","To start, place the soaked sun-dried tomatoes in a bowl and cover with hot water for 5 minutes, drain and roughly chop. | Finely chop the celery, celery and ginger and roughly chop the aubergine. | Add all of these ingredients to a saucepan with the olive oil and bay leaf, season with salt and pepper and cook on a medium heat for 20 minutes stirring regularly. | Warm a little ghee or olive oil and bloom the hing for a few seconds until fragrant, then continue. | Add the harissa and cook for 2 minutes. | Add the rice and cook for another 2 minutes. | Add the vegetable stock, bring to the boil then turn down and simmer for 25-30 minutes or until the rice is cooked. | As an optional extra top with toasted pine nuts and fresh parsley.",,"Vedanta kitchen: vegetarian, no onion, no garlic, no eggs, no mushrooms, no alcohol. | Use stainless steel, cast iron, glass or clay — never aluminium. | Hing is bloomed in hot ghee or oil; a pinch is enough. | Aubergine, walnuts and sun-dried tomato stand in for mushrooms."
Aubergine Pappardelle,dinner; Main Course,Vegetarian; Sattvic; No onion; No garlic; Egg-free,15,40,4 people,"¼ tsp hing (asafoetida) | 250 g aubergine, cut into 1 cm slices | 250 g aubergine, finely diced | 1 tsp organic thyme | 10 g sun-dried tomatoes, plus 30 g walnuts, chopped | 2 tsp organic fresh lemon juice | 1/2 lemon | 400 g pappardelle | 100 g vegetarian hard cheese or nutritional yeast | 2 tbsp organic extra virgin olive oil | natural fine sea salt | organic cracked black pepper","Cut the sliced aubergine into approximately 1cm slices and lay in a baking tray. | Drizzle over 1 tbsp of the olive oil, add 1/2 tsp of thyme and season with salt and pepper. | Warm a little ghee or olive oil and bloom the hing for a few seconds until fragrant, then continue. | Roast at 200c for 20 minutes, remove from the oven and set aside in a warm place. | Place the soaked sun-dried tomatoes in a bowl, cover with hot water and leave to soak for 5 minutes. Strain and finely chop. | Finely dice the fennel or celery and add to a saucepan with 1 tbsp of olive oil and fry on a medium heat for 2 minutes. | Grate a little ginger and add to the pan along with the soaked sun-dried tomatoes and 1/2 tsp of thyme, cook for another 2 minutes. | Add the lemon juice and reduce for 1 minute. | Finely chop the diced aubergine and add to the pan, season with salt and pepper and cook for 10 minutes or until the aubergine is golden. | Cook the pasta according to packet instructions and add to the aubergine along with the roasted sliced aubergine. | Add the cheese, a squeeze of lemon and garnish with some chopped coriander.",dairy,"Vedanta kitchen: vegetarian, no onion, no garlic, no eggs, no mushrooms, no alcohol. | Use stainless steel, cast iron, glass or clay — never aluminium. | Hing is bloomed in hot ghee or oil; a pinch is enough. | Aubergine, walnuts and sun-dried tomato stand in for mushrooms."
Banana Flour Waffles,Main Course,Vegetarian; Sattvic; No onion; No garlic; Egg-free,10,15,4 people,"100 g organic self raising flour | 50 g organic banana flour | 1 tsp organic baking powder | 2 teaspoon organic unrefined cane sugar | 1 flax egg (1 tbsp ground flax + 3 tbsp water per egg) | 240 ml oat milk | 1 orange, zest and juice","1. Preheat the waffle maker. | 2. Put the flours, baking power, sugar and orange zest into a large bowl. | 3. Add the milk, flax egg and juice from the orange into a measuring jug and whisk together. | 4. Gradually whisk in the liquid to the dry ingredients. Top tip: add the liquid in small amounts whisking well after each addition to avoid lumps. | 5. Grease the waffle irons and put some of the batter into the waffle machine and cook as per waffle maker instructions. | 6. Remove once cooked add your toppings and enjoy.",gluten,"Vedanta kitchen: vegetarian, no onion, no garlic, no eggs, no mushrooms, no alcohol. | Use stainless steel, cast iron, glass or clay — never aluminium. | Each egg is replaced with a flax egg."
Black Bean and Rice Salad,Main Course,Vegetarian; Sattvic; No onion; No garlic; Egg-free,20,0,4,"400 g cooked organic brown rice | 200 g cooked organic black beans | 1/2 cucumber | 1 avocado | 1/4 tsp organic chilli flakes | 1/4 sliced fresh red chilli | 100 g lamb lettuce | 1 handful coriander | 2 tbsp organic extra virgin olive oil | 1 lime | 1 tsp organic brown sugar | natural fine sea salt | organic cracked black pepper | ½ tsp roasted cumin powder | ½ tsp fresh ginger, grated","Roughly chop the cucumber, coriander stems, avocado and coriander and place in a large mixing bowl. | Remove the seeds from the chilli, finely dice and add to the bowl along with the brown rice and black beans. | To make the dressing, finely dice the ginger and add to a bowl. | Juice the lime and add to the same bowl along with the sugar and salt and pepper. | Mix well and then whilst still mixing drizzle in the olive oil. | Pour the dressing over the rice and black beans and mix well. | Serve the salad over a bed of lambs lettuce.",,"Vedanta kitchen: vegetarian, no onion, no garlic, no eggs, no mushrooms, no alcohol. | Use stainless steel, cast iron, glass or clay — never aluminium. | Cold dressings use lemon, ginger and roasted cumin instead of garlic."
Black Bean Chilli,Appetizer; Lunch; Main Course; Side Dish; Snack,Vegetarian; Sattvic; No onion; No garlic; Egg-free; Dairy Free; Naturally Gluten Free; Vegan,10,60,4 people,¼ tsp hing (asafoetida) | 1 tbsp organic extra virgin olive oil | 2 stalks of celery finely chopped | 2 carrots finely chopped | 1 tbsp organic chilli flakes | 2 tsp organic dried thyme | 2 tsp organic cayenne pepper | 1 tbsp tomato paste | 1 tbsp organic fresh lemon juice | 400 g organic chopped tomatoes | 500 ml organic vegetable bouillon | 250 g organic black turtle beans (cooked) | fine sea salt | organic cracked black pepper,"Fry the celery, celery and carrots in the olive oil with salt and pepper for 20 minutes on a medium to low heat. | Warm a little ghee or olive oil and bloom the hing for a few seconds until fragrant, then continue. | Add the chilli flakes, thyme and ginger and cook for 2 minutes. | Add the cayenne pepper and the tomato paste and cook for a further 2 minutes. | Add the lemon juice and reduce for 2 minutes. | Add the tinned tomatoes and vegetable stock, bring to the boil then reduce and simmer and cook for 30 minutes. | Add the black beans and cook for 5 minutes. | Serve with yoghurt, sliced red chillis and coriander.",,"Vedanta kitchen: vegetarian, no onion, no garlic, no eggs, no mushrooms, no alcohol. | Use stainless steel, cast iron, glass or clay — never aluminium. | Hing is bloomed in hot ghee or oil; a pinch is enough."
Blueberry and Almond Muffins,Dessert,Vegetarian; Sattvic; No onion; No garlic; Egg-free; Dairy Free; Vegan,10,17,12 people,200 g blueberries | 150 g organic almond flour | 150 g organic white cake flour | 1 tsp organic baking powder | 1 tsp bicarb | 1/2 natural fine sea salt | 1 tsp organic vanilla powder | 150 g plant-based yoghurt | 100 ml organic extra virgin olive oil | 6 tbsp golden syrup | 50 g organic flaked almonds,"In a large mixing bowl, add the vanilla extract, yoghurt, vegetable oil and golden syrup and whisk well. | Next, sift the ground almonds, flour, baking powder, bicarb and salt. | Add to the mixing bowl and gently fold in. | Now add the blueberries and continue to fold the mixture. | Spoon the mixture into 12 muffin cases and bake at 200c. | After 5 minutes, remove the muffins and sprinkle with the flaked almonds. | Return to the oven and bake for a further 12 minutes or until completely cooked through. | Allow to cool and serve.",gluten; nuts; dairy,"Vedanta kitchen: vegetarian, no onion, no garlic, no eggs, no mushrooms, no alcohol. | Use stainless steel, cast iron, glass or clay — never aluminium."
Broccoli and Aubergine Quesadilla,Main Course,Vegetarian; Sattvic; No onion; No garlic; Egg-free,10,35,4 people,"¼ tsp hing (asafoetida) | 8 small tortillas | 250 g aubergine, diced | 250 g tenderstem broccoli | 1 red chilli | 30 g organic hazelnuts | 50 g paneer or plant cheese, grated | organic vegan mayonnaise | 2 tbsp organic extra virgin olive oil | natural fine sea salt | organic cracked black pepper","Warm olive oil in a steel pan. Bloom the hing, then fry diced aubergine, tenderstem broccoli and chilli until golden. | Season, then stir through chopped toasted hazelnuts. | Lay a tortilla in a dry pan, scatter plant cheese or paneer, the vegetables, then a second tortilla. | Toast both sides until crisp. Rest 1 minute, cut into wedges, and serve with a lemon-yogurt dip.",dairy,"Vedanta kitchen: vegetarian, no onion, no garlic, no eggs, no mushrooms, no alcohol. | Use stainless steel, cast iron, glass or clay — never aluminium. | Hing is bloomed in hot ghee or oil; a pinch is enough. | Aubergine, walnuts and sun-dried tomato stand in for mushrooms."
Broccoli and Olive Pasta,dinner; Lunch,Vegetarian; Sattvic; No onion; No garlic; Egg-free,5,15,4 People,¼ tsp hing (asafoetida) | 200 g broccoli stems | 2 tbsp organic extra virgin olive oil | 1/2 tsp organic chilli flakes | 100 g black olives | 50 g organic walnuts | A large handful of parsley | 1/2 lemon | 400 g organic penne pasta | 100 g vegetarian hard cheese or nutritional yeast | Natural fine Sea salt | organic cracked black pepper,"Chop the broccoli into 2cm pieces and add to a saucepan along with 2 tbsp of water. | Cook over a medium to high heat for 3 minutes or until the water has boiled away. | Warm a little ghee or olive oil and bloom the hing for a few seconds until fragrant, then continue. | Grate a little ginger and add to the pan along with the olive oil and chilli flakes. | Cook for 2 more minutes. | Cook the pasta according to packet instruction, drain (reserving some of the cooking water) and add to the broccoli. | Finely chop the olives and walnuts and roughly chop the parsley. | Place all in the pan along with a squeeze of lemon juice. | Add a few tbsps of the pasta cooking water along with the grated cheese. | Mix together and you are ready to serve.",gluten; dairy,"Vedanta kitchen: vegetarian, no onion, no garlic, no eggs, no mushrooms, no alcohol. | Use stainless steel, cast iron, glass or clay — never aluminium. | Hing is bloomed in hot ghee or oil; a pinch is enough."
Buckwheat and Hemp Porridge,Breakfast; Lunch; Snack,Vegetarian; Sattvic; No onion; No garlic; Egg-free; Dairy Free; Vegan,15,0,1,60 g organic buckwheat flakes | 1 tsp organic ceylon cinnamon powder | 50 ml plant milk | 200 ml water | 1 tbsp organic hemp protein powder | 1 tsp organic dried mixed berries | 1 tsp organic raw hazelnuts | 1 tsp organic coconut chips | 1 tbsp organic chia seeds | 1 tbsp organic sultanas,"Simmer the buckwheat flakes with water, plant milk and cinnamon until creamy, about 8 minutes. | Stir in the hemp powder. | Spoon into a bowl and top with berries, hazelnuts, coconut chips, chia and sultanas.",,"Vedanta kitchen: vegetarian, no onion, no garlic, no eggs, no mushrooms, no alcohol. | Use stainless steel, cast iron, glass or clay — never aluminium."
Buckwheat Bread,Appetizer; Breakfast; Lunch; Snack,Vegetarian; Sattvic; No onion; No garlic; Egg-free; Dairy Free; Naturally Gluten Free; Vegan,20,75,8,150 g organic blanched almond flour | 140 g organic buckwheat flour | 25 g organic chia seeds | 3 tbsp organic psyllium husk | 50 g organic seed mix | 2 tsp bicarbonate of soda | 1/2 tsp sea salt | 2 tbsp maple syrup | 2 tbsp lemon juice | 500 ml warm water,"Put all the dry ingredients together into a big bowl and mix it. | Add the liquids to the mixture and combine. (The “dough” has a creamy texture at the beginning, but do not add more flour to the mixture, as it will swell.). | Cover the mixture with a tea towel for about an hour. | Preheat the oven for 180C and line a loaf tin with baking paper. | Put the “dough” to the loaf tin and bake it for about 1 hour and 15 minutes. | Let the bread cool, and you can slice it. | Add any topping you like, we added guacamole.",gluten; nuts,"Vedanta kitchen: vegetarian, no onion, no garlic, no eggs, no mushrooms, no alcohol. | Use stainless steel, cast iron, glass or clay — never aluminium."
Butterbean Stew,Main Course,Vegetarian; Sattvic; No onion; No garlic; Egg-free,10,50,4 people,"¼ tsp hing (asafoetida) | 1 carrot | 2 celery stalks | 1 bay leaf | 1/2 tsp rosemary, chopped | 250 g potato | 250 g organic butter beans (cooked) | 1 litre vegetable stock | 150 ml cashew cream or oat cream | large handful of parsley | 1 tbsp organic extra virgin olive oil | natural fine sea salt | organic cracked black pepper","Chop the celery, leak, carrot and celery stalks into approximately 1cm pieces. | Place the vegetable in a large saucepan, season with salt and pepper and fry in 1 tbsp of of olive oil on a medium to heat for 10 minutes stirring frequently. | Warm a little ghee or olive oil and bloom the hing for a few seconds until fragrant, then continue. | Grate a little ginger and add to the pot along with the rosemary, ginger and bay leaf. Cook for a further 10 minutes and continue to stir. | Peel and chop the potatoes into approximately 2cm pieces and add to the pot along with the vegetable stock. | Bring to the boil then turn down and simmer for 20 minutes. | Add the butter beans and cook for another 5 minutes. | Remove the bay leaf and half of the stew from the pan. | Blitz the remaining half until smooth. | Return the non blitzed half to the pan along with the cream and bring back to a simmer. | Roughly chop the parsley, add to the pot and serve the stew with sourdough croutons.",nuts,"Vedanta kitchen: vegetarian, no onion, no garlic, no eggs, no mushrooms, no alcohol. | Use stainless steel, cast iron, glass or clay — never aluminium. | Hing is bloomed in hot ghee or oil; a pinch is enough."
Cauliflower Cheese Soup,Lunch,Vegetarian; Sattvic; No onion; No garlic; Egg-free,15,35,4 People,¼ tsp hing (asafoetida) | 2 celery stalks | 1/2 tsp organic thyme | 1 cauliflower | 1 litre vegetable stock | 100 ml milk or plant-based alternative | 100 g cheddar cheese or plant-based alternative | 1 tsp organic dijon mustard | 1 tbsp organic extra virgin olive oil | organic nutmeg | natural fine sea salt | organic cracked black pepper | 100 g sourdough bread | 1 thyme sprig | 1 tbsp organic extra virgin olive oil,"Roughly chop the celery, celery and fennel into 2cm pieces and add to a large saucepan along with the olive oil and thyme. | Warm a little ghee or olive oil and bloom the hing for a few seconds until fragrant, then continue. | Season generously and cook on a medium to low heat for 15 minutes stirring regularly. | Cut the cauliflower into approximately 2cm pieces and add to the pot along with the vegetable stock. | Bring to the boil then turn down to simmer for 15 minutes. | Blend with a stick blender until smooth then add the Dijon mustard along with the oat milk and a rasp or 2 of nutmeg. | Cook for a further 2 minutes and then your soup is ready. | To make the breadcrumbs, roughly chop the sourdough and fry in a pan with 1 tbsp of olive oil and a sprig of thyme. | Fry until breadcrumbs are golden then sprinkle over your soup.",gluten; dairy; mustard,"Vedanta kitchen: vegetarian, no onion, no garlic, no eggs, no mushrooms, no alcohol. | Use stainless steel, cast iron, glass or clay — never aluminium. | Hing is bloomed in hot ghee or oil; a pinch is enough."
Cauliflower Katsu,dinner; Lunch,Vegetarian; Sattvic; No onion; No garlic; Egg-free; Naturally Gluten Free; Vegan,10,60,4 People,¼ tsp hing (asafoetida) | 1 large cauliflower | 250 g cooked chickpeas | 2 tbsp’s rapeseed or vegetable oil | 1 large thumb of ginger peeled and grated | 1 tbsp organic turmeric | 1 tbsp curry powder | 300 ml organic vegetable bouillon | 200 ml organic coconut milk | 1 tbsp soy sauce | 1 tsp organic brown sugar | natural fine sea salt | organic cracked black pepper,"Cut the cauliflower into approximately 3cm pieces, place into a baking tray and drizzle with 1 tbsp of oil and season with salt and pepper. | Warm a little ghee or olive oil and bloom the hing for a few seconds until fragrant, then continue. | Place in an oven at 220c and roast for 25 minutes or until golden brown (turning over the cauliflower every 5 minutes). | Add the chickpeas and roast for a further 5 minutes. | To make the katsu sauce, fry the celery in 1 tbsp of vegetable oil on a medium heat for 2 minutes. | Add the ginger and ginger and cook for a further 2 minutes. | Next add the turmeric and curry powder and cook for 1 minute. | Add the vegetable stock, bring to the boil and simmer gently for 25 minutes. | Now add the coconut milk, soy sauce and sugar. | Blitz with a stick blender and gently heat for 5 minutes taking care to not boil the sauce so the coconut milk doesn’t curdle. | Serve your roasted cauliflower and chickpeas with rice and drizzle with the Katsu sauce.",gluten; soya,"Vedanta kitchen: vegetarian, no onion, no garlic, no eggs, no mushrooms, no alcohol. | Use stainless steel, cast iron, glass or clay — never aluminium. | Hing is bloomed in hot ghee or oil; a pinch is enough."
Chana Masala,dinner; Lunch; Main Course; Side Dish,Vegetarian; Sattvic; No onion; No garlic; Egg-free; Dairy Free; Naturally Gluten Free; Vegan,10,45,2 people,¼ tsp hing (asafoetida) | 1 tbsp organic extra virgin olive oil | 1 tsp organic mustard seeds | 1 small ginger thumb | 1 organic chilli | 1 tsp organic cumin | 1 tsp organic coriander | 1 tsp organic turmeric | 1 dsp tomato paste | 250 g organic chickpea scooked | 250 ml water | natural sea salt crystals | organic cracked black pepper,"Fry the mustard seeds in oil, on a medium heat until they start to pop. | Warm a little ghee or olive oil and bloom the hing for a few seconds until fragrant, then continue. | Finely chop the celery, add to the mustard seeds and cook for 5 minutes. | Now peel the ginger and grate, finely dice the ginger and chilli. | Add to the celery and cook for a further 10 minutes. | Next add the spices and tomato paste and cook for 2 minutes, stirring regularly, taking care to not burn the spices. | Add 250ml water, bring to a gentle simmer and cook for half an hour. | Add 250g cooked chickpeas, cook for a final 5 minutes and you are ready to serve.",mustard,"Vedanta kitchen: vegetarian, no onion, no garlic, no eggs, no mushrooms, no alcohol. | Use stainless steel, cast iron, glass or clay — never aluminium. | Hing is bloomed in hot ghee or oil; a pinch is enough."
Chickpea and Sweet Potato Tagine,dinner; Lunch; Main Course; Side Dish,Vegetarian; Sattvic; No onion; No garlic; Egg-free; Vegan,15,30,4 people,¼ tsp hing (asafoetida) | 1 tbsp organic extra virgin olive oil | 2 sweet potato | 1 large thumb of ginger | 2 cloves of | 1 tsp organic ground cumin | 1/2 tsp organic ground cinnamon | 2 tsp tagine paste | 2 tsp tomato paste | 2 tsp organic maple syrup | 1 tin organic tomatoes | 500 ml organic vegetable bouillon | 250 g cooked chickpeas | Handful of coriander,"Finely and add to a large saucepan with the olive oil. | Warm a little ghee or olive oil and bloom the hing for a few seconds until fragrant, then continue. | Season with salt and pepper and fry on a medium heat for 2 minutes. | Peel the sweet potato and dice into 1cm cubes. | Grate a little ginger then peel and grate the ginger and add to the pan along with the sweet potato. | Cook for another 2 minutes then add the cumin, cinnamon, tomato paste and maple syrup and cook for a further 2 minutes. | Next add the tinned tomatoes and vegetable stock, bring to the boil then turn down to simmer for 20 minutes. | Add the chickpeas and cook for a final 5 minutes. | Serve with a scattering of chopped coriander.",,"Vedanta kitchen: vegetarian, no onion, no garlic, no eggs, no mushrooms, no alcohol. | Use stainless steel, cast iron, glass or clay — never aluminium. | Hing is bloomed in hot ghee or oil; a pinch is enough."
Chickpea Tray Bake,dinner,Vegetarian; Sattvic; No onion; No garlic; Egg-free; Naturally Gluten Free; Vegan,0,0,0,¼ tsp hing (asafoetida) | 2 tbsp organic extra virgin olive oil | 2 large sweet potato | 250 g organic chickpeas (cooked) | 250 g broccoli stems | Large handful of parsley | natural fine sea salt | organic cracked black pepper | 2 tbsp organic extra virgin olive oil | 2 tsp organic tahini | 1/2 lemon | 1 tbsp water | natural fine sea salt | organic cracked black pepper,"Chop the sweet potato into roughly 2cm chunks and place in a baking tray. | Drizzle over the olive oil, season with salt and pepper and bake in the oven at 200c for 20 minutes. | Warm a little ghee or olive oil and bloom the hing for a few seconds until fragrant, then continue. | Add the chickpeas and broccoli stems to the tray. | Roast for another 10 minutes, remove and keep warm. | To make the dressing, grate a little ginger and juice the lemon. | Place both in a mixing bowl then add the tahini and water and season with salt and pepper. | Whisk together, then slowly drizzle in the olive oil whilst still whisking. | To serve, place a large portion of the chickpeas and vegetables on a plate, drizzle over some of the dressing and garnish with chopped parsley.",,"Vedanta kitchen: vegetarian, no onion, no garlic, no eggs, no mushrooms, no alcohol. | Use stainless steel, cast iron, glass or clay — never aluminium. | Hing is bloomed in hot ghee or oil; a pinch is enough."
"Chickpea, Kale and Apple Salad",Appetizer; Lunch; Main Course; Salad; Side Dish; Snack,Vegetarian; Sattvic; No onion; No garlic; Egg-free; Dairy Free; Naturally Gluten Free; Vegan,15,0,4 people,"1 tbsp organic extra virgin olive oil | 100 g organic chickpeas (cooked) | 30 g organic unblanched almonds | 30 g organic pumpkin seeds | 4 radish finely sliced | 1 apple finely sliced | 200 g kale stalks removed and chopped | 2 tbsp organic extra virgin olive oil | 1 organic light raw tahini | 2 tsp organic maple syrup | 2 tsp organic lemon juice with a drop of maple | 3 tbsp organic lemon juice | fine sea salt | organic cracked black pepper | ½ tsp roasted cumin powder | ½ tsp fresh ginger, grated","Fry the chickpeas, almonds and pumpkin seeds in the olive oil for 5 minutes and put aside. | In a bowl, add all of the dressing ingredients except the oil and whisk. Next slowly drizzle in the olive oil whilst still whisking. | Place the kale in a large bowl and massage for 2-3 minutes to soften. | Place the sliced radish, apple and fennel or celery on top along with the fried chickpeas, almonds and pumpkin seeds. | Drizzle with the dressing and serve.",,"Vedanta kitchen: vegetarian, no onion, no garlic, no eggs, no mushrooms, no alcohol. | Use stainless steel, cast iron, glass or clay — never aluminium. | Cold dressings use lemon, ginger and roasted cumin instead of garlic."
Chocolate and Date Muffin,Main Course,Vegetarian; Sattvic; No onion; No garlic; Egg-free,20,20,0 Makes 12 Muffins,"75 g organic dark chocolate, dairy-free, melted | 3 ripe bananas, mashed | 125 g plant-based yoghurt | 100 g organic dates, soaked in 200ml warm water | 6 tbsp agave syrup | 1 tsp organic vanilla extract | 125 g organic plain white flour | 125 g organic ground almonds | 2 tsp organic baking powder | 2 tsp organic cocoa powder | Pinch natural fine sea salt","Line a 12-hole muffin tin with paper cases. | Melt the chocolate gently over a pan of simmering water or in short bursts in the microwave, then let cool slightly. | Blend the soaked dates with their water until smooth and thick. | Mash the bananas in a large bowl, then stir in the date paste, yoghurt, agave, vanilla, and melted chocolate. | In another bowl, mix together the flour, ground almonds, baking powder, cocoa powder, and salt. | Fold the dry mix into the wet mixture just until combined. | Spoon the batter evenly into the muffin cases, filling each about three-quarters full. | Bake for 20 minutes, until the tops are risen and spring back lightly when pressed.",gluten; dairy,"Vedanta kitchen: vegetarian, no onion, no garlic, no eggs, no mushrooms, no alcohol. | Use stainless steel, cast iron, glass or clay — never aluminium."
Chocolate Courgette Cake,Dessert,Vegetarian; Sattvic; No onion; No garlic; Egg-free,15,40,8 people,330 g organic self-raising flour | 70 g organic cocoa powder | 175 ml organic extra virgin olive oil | 350 g organic cane sugar | 3 flax eggs (1 tbsp ground flax + 3 tbsp water per egg) | 2 tsp organic vanilla extract | 500 g grated courgette | 300g organic icing sugar | 150g vegan butter | 2 tbsp organic cacao powder | 2 tbsp plant milk | 1 tsp organic vanilla essence,"Heat the oven to 180C/160C fan/gas 4. | Combine the flour, cocoa powder in a large bowl. | In another bowl, combine the olive oil, sugar, flax eggs, vanilla essence and grated courgette. | Mix the dry and wet mixture until combined. | Line a 24cm cake tin with baking paper and pour your mixture in. | Bake for 40 mins (or until a knife inserted into the middle comes out clean). | Turn out onto a wire rack and leave to cool. | Icing. | Blend the butter and sugar in a mixer until light and creamy. | Add the vanilla, cocoa and combine. | Add the milk slowly until you reach your desired consistency. | Once the cake is cool, smooth the icing on, for a perfect finish.",gluten,"Vedanta kitchen: vegetarian, no onion, no garlic, no eggs, no mushrooms, no alcohol. | Use stainless steel, cast iron, glass or clay — never aluminium. | Each egg is replaced with a flax egg."
Chocolate Mousse with Hazelnuts,Dessert,Vegetarian; Sattvic; No onion; No garlic; Egg-free; Vegan,15,0,4 people,"200 g organic dark chocolate courvature, 70% cocoa, dairy-free | 400 ml organic coconut milk, from a chilled can, using mostly the thick cream | 3 tbsp organic maple syrup | 1 tsp organic vanilla extract | natural fine sea salt | 50 g organic hazelnuts (roasted), roughly chopped","Break the chocolate into pieces and melt gently over a pan of simmering water or in short bursts in the microwave. | Set aside to cool slightly. | Scoop the thick cream from the top of the chilled coconut milk can into a mixing bowl and whisk until light and fluffy. | Reserve any watery liquid at the bottom for smoothies. | Stir the melted chocolate into the whipped coconut cream along with the maple syrup, vanilla, and salt, folding gently until smooth and fully combined. | Spoon the mousse into small glasses and chill for at least two hours, or until set. | Before serving, scatter with the roasted hazelnuts.",,"Vedanta kitchen: vegetarian, no onion, no garlic, no eggs, no mushrooms, no alcohol. | Use stainless steel, cast iron, glass or clay — never aluminium."
Coconut Laksa,Main Course,Vegetarian; Sattvic; No onion; No garlic; Egg-free; Vegan,15,35,4 people,"2 tbsp organic extra virgin olive oil | 400 ml organic coconut milk | 1 litre vegetable stock | 1 tsp brown sugar | 250 g tofu | 1 tbsp organic tamari soya sauce | 200 g cooked noodles | 1 thumb fresh ginger, grated | 1 red chilli, finely chopped | 1 lemongrass stalk, bruised | 1 lime, juiced | handful fresh coriander","Bloom the hing in hot oil for a few seconds, then stir in grated ginger, chopped chilli and bruised lemongrass until fragrant. | Pour in the coconut milk and vegetable stock. Simmer gently for 10 minutes. | Add the tofu cubes, tamari and a pinch of unrefined sugar. Warm through for 5 minutes. | Divide cooked noodles between steel bowls, ladle over the laksa, and finish with lime and coriander.",gluten; soya,"Vedanta kitchen: vegetarian, no onion, no garlic, no eggs, no mushrooms, no alcohol. | Use stainless steel, cast iron, glass or clay — never aluminium."
"Coconut, Banana and Blueberry Shake",Breakfast; Snack,Vegetarian; Sattvic; No onion; No garlic; Egg-free; Naturally Gluten Free,10,0,2,"2-3 small/medium bananas, chopped roughly and frozen | 1-1.5 cup your favourite plant milk | 100 ml coconut milk | 1 tbsp organic blueberry powder | 1/4 cup frozen blueberries, optional | 1 tsp organic maple syrup, optional | 1/2 tsp organic vanilla powder, optional | 2 tsp organic pumpkin protein powder","Place the bananas, plant milk, coconut milk, oats, vanilla, pumpkin powder and liquid sweetener (optional) in a high-speed blender. | Blend till completely smooth with no chunks of frozen bananas. | Taste for sweetness and pour half of the smoothie into a tall glass. | Now add blueberry powder and frozen berries. | Pour gently over the first layer to create a two colour effect.",,"Vedanta kitchen: vegetarian, no onion, no garlic, no eggs, no mushrooms, no alcohol. | Use stainless steel, cast iron, glass or clay — never aluminium."
Courgette Soup,dinner; Lunch,Vegetarian; Sattvic; No onion; No garlic; Egg-free,10,50,4 People,¼ tsp hing (asafoetida) | 2 celery stalks | 1 bay leaf | 3 courgettes | 100 g frozen peas | 1 litre vegetable stock | A handful of parsley | 1 tbsp organic extra virgin olive oil | natural fine sea salt | organic cracked black pepper,"Finely and celery stalks and place in a pan with the olive oil. | Warm a little ghee or olive oil and bloom the hing for a few seconds until fragrant, then continue. | Season generously with salt and pepper and fry on a medium heat for 5 minutes. | Cut the stalks from the parsley (keep the leaf aside for later), finely chop and add to the pan along with the bay leaf. | Cook for another 5 minutes. | Cut the courgettes into quarters lengthways and then finely across. | Set a quarter of the courgette aside and add the remainder to the pan. | Cook for 5 minutes and then add the vegetable stock. | Bring to the boil then turn down and simmer for 30 minutes. | Use a stick blender to thicken the soup slightly then add the remaining courgette and peas. | Simmer for a final 3 minutes. | Finely chop the parsley leaf, add to the pan then serve.",,"Vedanta kitchen: vegetarian, no onion, no garlic, no eggs, no mushrooms, no alcohol. | Use stainless steel, cast iron, glass or clay — never aluminium. | Hing is bloomed in hot ghee or oil; a pinch is enough."
Creamy Aubergine and Walnut Stew,Lunch,Vegetarian; Sattvic; No onion; No garlic; Egg-free,10,45,4 People,"¼ tsp hing (asafoetida) | 2 tbsp olive oil | 500 g aubergine, diced | 2 stalks of celery | 50 g sun-dried tomatoes, plus 30 g walnuts, chopped | 2 tsp flour | 500 ml vegetable stock | 100 ml of cashew cream or oat cream | A large handful of parsley | Salt and pepper","Soak the sun-dried tomatoes in hot water for 15 minutes, then chop. Keep the soaking liquor. | Brown the aubergine cubes in olive oil in a steel casserole until golden. Add walnuts and cook 2 minutes more. | Stir in celery and bloom the hing in the hot oil. Sprinkle over the flour and cook 1 minute. | Add stock, the soaking liquor and chopped tomatoes. Simmer 20 minutes until thick and silky. | Stir in the plant cream and parsley. Rest 2 minutes and serve.",gluten; nuts,"Vedanta kitchen: vegetarian, no onion, no garlic, no eggs, no mushrooms, no alcohol. | Use stainless steel, cast iron, glass or clay — never aluminium. | Hing is bloomed in hot ghee or oil; a pinch is enough. | Aubergine, walnuts and sun-dried tomato stand in for mushrooms."
Creamy Chickpea and Vegetable Soup,Main Course,Vegetarian; Sattvic; No onion; No garlic; Egg-free,10,45,4 People,¼ tsp hing (asafoetida) | 1 celery stalk | 1/2 tsp organic thyme | 2 bay leaves | 100 g cavolo nero | 1 litre vegetable stock | 250 g organic chickpeas (cooked) | 1 tbsp organic extra virgin olive oil | 150 ml cashew cream or oat cream | natural fine sea salt | organic cracked black pepper,"Dice the celery, celery and fennel into approximately 1cm pieces and add to a large saucepan. | Add the olive oil, season with salt and pepper and cook on a medium heat for 10 minutes stirring regularly. | Warm a little ghee or olive oil and bloom the hing for a few seconds until fragrant, then continue. | Grate a little ginger and add to the pan along with the thyme and bay leaves. Cook for another 2 minutes. | Add the vegetable stock, bring to the boil and simmer for 20 minutes. | Remove the stalks from the cavolo nero, roughly chop and add to the pan along with the chickpeas. | Cook for a further 10 minutes. | Remove the bay leaves then blitz with a stick blender. | Add the cream and cook for a final 2 minutes then serve.",nuts,"Vedanta kitchen: vegetarian, no onion, no garlic, no eggs, no mushrooms, no alcohol. | Use stainless steel, cast iron, glass or clay — never aluminium. | Hing is bloomed in hot ghee or oil; a pinch is enough."
Creamy Watercress Soup,dinner; Lunch,Vegetarian; Sattvic; No onion; No garlic; Egg-free,15,40,4 people,¼ tsp hing (asafoetida) | 1 tbsp organic extra virgin olive oil | 1 celery stalk | 1 bay leaf | 100 g watercress | 200 g potato | 1 litre organic vegetable bouillon | 100 ml cream or plant based alternative | 25 g organic hazelnuts | 1/2 lemon | natural fine sea salt | organic cracked black pepper,"Roughly chop the celery and celery and add to a saucepan with the olive oil, bay leaf and salt and pepper. | Warm a little ghee or olive oil and bloom the hing for a few seconds until fragrant, then continue. | Cook on a medium heat for 5 minutes stirring regularly. | Slice the ginger. | Remove the larger stalks from the watercress and roughly chop. | Peel and roughly chop the potatoes and add to the pan along with the ginger and watercress stalks. | Cook for 2 minutes then add the vegetable stock and simmer on a medium heat for 25 minutes. | Remove the bay leaf then add the watercress and cream and cook for a final 2 minutes before blitzing with a stick blender. | Finally, place the hazelnuts in a dry frying pan and toast on a medium heat for 2-3 minutes until they stat to turn golden brown. | Remove from the pan, allow to cool then roughly chop. | Serve the soup with some hazelnuts scattered on top and a few drops of lemon juice.",,"Vedanta kitchen: vegetarian, no onion, no garlic, no eggs, no mushrooms, no alcohol. | Use stainless steel, cast iron, glass or clay — never aluminium. | Hing is bloomed in hot ghee or oil; a pinch is enough."
Crispy Potatoes with Lemon and Feta,Lunch,Vegetarian; Sattvic; No onion; No garlic; Egg-free,15,45,4 people,"¼ tsp hing (asafoetida) | 1 kg new potatoes | 3 tbsp organic extra virgin olive oil | tsp organic dried oregano | 1 unwaxed lemon, thinly sliced | natural fine sea salt | organic cracked black pepper | 2 tbsp organic fresh lemon juice | Pinch natural fine sea salt | 100 g crumbled paneer or plant feta, crumbled | Small handful fresh mint, finely chopped","Start by placing the new potatoes in a pan of cold, salted water. | Bring to the boil, then simmer until just tender. | Drain well, then leave them to steam dry and cool slightly so they’re easier to handle. | While the potatoes are cooling, add the a pinch of hing to a small bowl with the lemon juice and a pinch of salt. | Toss together and leave to soften and lightly pickle. | Once cooled, place the potatoes on a large roasting tray and gently crush each one with the back of a spoon or a glass so they flatten and split slightly. | This helps create lots of crispy edges. | Drizzle over the olive oil, scatter with oregano, salt and pepper, then add the lemon slices to the tray. | Toss everything gently so the potatoes are coated without breaking them up too much. | Roast in a hot oven until the potatoes are deeply golden and crisp on the edges, turning once during cooking. | The lemon slices will soften and caramelise, becoming sweet and slightly jammy. | Transfer the hot potatoes to a serving dish, then scatter with crumbled feta so it softens slightly. | Finish with the fresh mint and the lightly pickled celery over the top. | Serve straight away while warm, with extra roasted lemon on the side for squeezing over.",dairy,"Vedanta kitchen: vegetarian, no onion, no garlic, no eggs, no mushrooms, no alcohol. | Use stainless steel, cast iron, glass or clay — never aluminium. | Hing is bloomed in hot ghee or oil; a pinch is enough."
Crispy Tempeh,Side Dish; Snack,Vegetarian; Sattvic; No onion; No garlic; Egg-free; Naturally Gluten Free; Vegan,10,15,4 people,¼ tsp hing (asafoetida) | 1 tbsp organic sesame oil | 200 g crumbled tempeh | 1 large thumb of ginger | 1 tbsp organic maple syrup | 1 tsp chilli oil | 1 tbsp fresh lemon juice,"Remove the tempeh from its packaging and pat dry with kitchen paper removing as much moisture as possible then roughly crumble. | Take a wok or heavy bottomed frying pan and fry the tempeh in sesame oil on a high heat for 4-5 minutes until it starts to colour. | Warm a little ghee or olive oil and bloom the hing for a few seconds until fragrant, then continue. | Grate a little ginger, peel and grate the ginger and add to the tempeh. Cook for a further 2 minutes. | Next add the maple syrup, chilli oil and lemon juice and fry for a final 4-5 minutes or until the tempeh becomes golden brown and crispy. | Serve over rice with steamed green vegetables.",sesame; soya,"Vedanta kitchen: vegetarian, no onion, no garlic, no eggs, no mushrooms, no alcohol. | Use stainless steel, cast iron, glass or clay — never aluminium. | Hing is bloomed in hot ghee or oil; a pinch is enough."
Cumin Spiced Potatoes,dinner; Lunch,Vegetarian; Sattvic; No onion; No garlic; Egg-free,10,40,4 People,¼ tsp hing (asafoetida) | 1 kg new potatoes | 2 tbsp organic extra virgin olive oil | 2 tsp organic ground cumin | natural fine sea salt | organic cracked black pepper | A handful of coriander | 1/2 lemon | 200 g yoghurt or plant-based alternative | 1 tbsp organic extra virgin olive oil | natural fine sea salt | organic cracked black pepper,"Place the potatoes in a saucepan of cold salted water. | Bring to the boil and simmer for 5 minutes. | Drain then allow to cool. | Place the potatoes on a baking tray and drizzle with the olive oil and season with salt and pepper. | Warm a little ghee or olive oil and bloom the hing for a few seconds until fragrant, then continue. | Roast at 220c for 20 minutes then remove and lightly squash the potatoes with a fork. | Lightly crush the cumin seeds in a pestle and mortar. | Add the cumin seeds and roast for a further 10-15 minutes or until the potatoes are golden brown. | To make the dip, grate a little ginger and coriander and juice the lemon. | Mix with the yoghurt, olive oil and season well.",dairy,"Vedanta kitchen: vegetarian, no onion, no garlic, no eggs, no mushrooms, no alcohol. | Use stainless steel, cast iron, glass or clay — never aluminium. | Hing is bloomed in hot ghee or oil; a pinch is enough."
Date Roll with Coconut Cream,Dessert,Vegetarian; Sattvic; No onion; No garlic; Egg-free; Dairy Free; Naturally Gluten Free,20,720,8,50 g organic desiccated coconut | 20 g organic coconut flour | 1 tbsp organic psyllium husks | 200 g coconut cream | 2 tbsp honey | 50 g organic coconut flour | 50 g organic tiger nut flour | 120 g organic aseel dates | 50 g organic coconut sugar | 10 g organic carob powder | 20 g organic coconut oil | 50 g organic coconut milk,"Start by making the Coconut Cream. Put the Desiccated coconut and Flour into a food processor and mix them together. | Add the Honey and Coconut Cream to the mixture and pulse in the food processor a few times until the mixture is combined. | Add the Psyllium Husks and combine. Put the cream to one side. | Place all the ingredients for the Roll into the food processor, and mix them until combined. | Spread the “dough” between two sheets of baking paper, and start to roll the dough length ways into a long roll. It is best to do this when the dough is fresh and soft. | Sprinkle the outside edge of the dough with desiccated coconut, and turn the sheet over to add the filling. | Spread the coconut cream over the Date Dough and slowly start to roll up with the baking paper. | Place the completed roll in the fridge overnight. | On the next day you can easily slice your roll and enjoy!",gluten,"Vedanta kitchen: vegetarian, no onion, no garlic, no eggs, no mushrooms, no alcohol. | Use stainless steel, cast iron, glass or clay — never aluminium."
Easy Sourdough,Side Dish,Vegetarian; Sattvic; No onion; No garlic; Egg-free; Vegan,20,40,1 Loaf,500 g organic strong white bread flour | 350 ml lukewarm water | 100 g active sourdough starter | 10 g natural fine sea salt,"Place the flour in a large bowl and mix in the sourdough starter. | Slowly pour in the water while mixing with your hands or a spoon until a sticky dough forms. | Cover and leave for 30 minutes to rest. | Sprinkle over the salt and gently knead it into the dough. | Turn the dough out onto a lightly floured surface and knead for 8–10 minutes until smooth and elastic, or use a stretch-and-fold method in the bowl. | Return the dough to the bowl, cover with a clean tea towel and leave at room temperature for 4–6 hours, or until doubled in size. | Shape the dough into a round loaf by tucking the edges underneath, then place in a lightly floured proving basket or bowl. | Cover again and leave to rise for 2–3 hours, or overnight in the fridge for better flavour. | Preheat the oven to 220°C and place a lidded casserole dish or Dutch oven inside to heat up. | When ready to bake, carefully remove the dish, place the dough inside, score the top with a sharp knife and cover with the lid. | Bake for 20 minutes with the lid on, then remove the lid and bake for another 20 minutes until golden brown and crusty. | Leave to cool on a wire rack before slicing. Best served fresh with a little plant-based butter or dipped in olive oil.",gluten,"Vedanta kitchen: vegetarian, no onion, no garlic, no eggs, no mushrooms, no alcohol. | Use stainless steel, cast iron, glass or clay — never aluminium."
Energy Boost Breakfast Bars,Dessert; Snack,Vegetarian; Sattvic; No onion; No garlic; Egg-free; Dairy Free; Naturally Gluten Free; Vegan,10,12,6,1/2 banana | 150 g gluten free organic jumbo oats | 4 tbsp organic desiccated coconut | 7 organic apricots | 2 tbsp organic goji berries | 2 tbsp organic cacao nibs | 1/2 tsp organic ceylon cinnamon powder | 50 g peanut butter | 2 tbsp date syrup,"Preheat over to 180C (360F). Line a baking tray with a little coconut oil. | In a bowl mash the banana. Add the dry ingredients: oats, coconut, dried fruit (chop the apricots into smaller chunks), cacao nibs and spice. Mix. | Add the peanut butter and date syrup. Mix until everything is combined and clumping together. | Dollop spoonfuls of the mixture onto the baking tray. Use your hands to spread it out into a rough rectangle. Press lightly to form an even layer. | Bake in the oven for 10 – 12 minutes. | Allow to cool, then slice into 8 squares. | Serve alone as a grab and go snack, enjoy for breakfast with yogurt, or top with some dark chocolate for an afternoon pick me up.",nuts; dairy,"Vedanta kitchen: vegetarian, no onion, no garlic, no eggs, no mushrooms, no alcohol. | Use stainless steel, cast iron, glass or clay — never aluminium."
Fennel and Aubergine Lasagne,Main Course,Vegetarian; Sattvic; No onion; No garlic; Egg-free,20,120,6 people,"¼ tsp hing (asafoetida) | 3 tbsp organic extra virgin olive oil | 2 thyme sprigs | 500 g aubergine, diced | 25 g sun-dried tomatoes, plus 30 g walnuts, chopped | 1/2 tsp organic chilli flakes | 2 cans organic tinned tomatoes | 500 ml vegetable stock | 1 tbsp tomato paste | 500 g cooked organic french lentils | 2 tsp fresh lemon juice | 100 g pitted black olives | 100 g organic pinenuts | Large handful of parsley | 150 g cheese grated or plant-based alternative | 150 ml cream or plant-based alternative | 1 packet organic lasagne sheets | natural fine sea salt | organic cracked black pepper","Chop the leaks into 1cm rounds and add to a frying pan with 1 tbsp of olive oil. | Warm a little ghee or olive oil and bloom the hing for a few seconds until fragrant, then continue. | Add the thyme, season with salt and pepper and cook on a low heat for 20-25 minutes stirring regularly. | Roughly chop the aubergine and place in a baking tray, add the thyme, season with salt and pepper and drizzle with olive oil. | Finely chop the soaked sun-dried tomatoes and scatter over the aubergine then bake in a 200c oven for 20 minutes. | Next, grate a little ginger and add to a saucepan with the chilli flakes and 1 tbsp of olive oil. | Cook on a medium heat for 2 minutes then add the tinned tomatoes, tomato paste, lemon juice and vegetable stock. | Season generously with salt and pepper and gently simmer for 30 minutes. | Roughly chop the olives, pine nuts and parsley then you are ready to assemble the lasagne. | Take a large baking dish and add a layer of the cook fennel followed by aubergine, lentils then a sprinkling of the chopped olives, pine nuts and parsley. | Place a layer of lasagne sheets on top then cover with the tomato sauce. | Repeat the process 2 more times then cover with foil and bake in an oven at 200c for 35 minutes. | Remove from the oven and sprinkle with the grated cheese and cream and cook for a final 10 minutes uncovered.",dairy,"Vedanta kitchen: vegetarian, no onion, no garlic, no eggs, no mushrooms, no alcohol. | Use stainless steel, cast iron, glass or clay — never aluminium. | Hing is bloomed in hot ghee or oil; a pinch is enough. | Aubergine, walnuts and sun-dried tomato stand in for mushrooms."
Fruit and Nut Granola,Appetizer; Dessert; Side Dish; Snack,Vegetarian; Sattvic; No onion; No garlic; Egg-free; Dairy Free; Naturally Gluten Free; Vegan,30,25,4 people,100 ml sunflower or vegetable oil | 500 g organic gluten free jumbo oats | 200 g organic pecan nuts | 200 g organic walnut pieces | 100 g organic brazil nuts pieces | 100 g organic sunflower seeds | 100 g organic pumpkin seeds | 200 ml agave syrup | 200 g organic chopped dates,"Place all of the ingredients in a baking tray and mix throughly. | Bake in an oven at 200c for 25-30 minutes (or until golden brown) mixing the ingredients every 4-5 minutes so they don’t burn. | Take out of the oven, stir through the chopped dates and allow to cool.",nuts,"Vedanta kitchen: vegetarian, no onion, no garlic, no eggs, no mushrooms, no alcohol. | Use stainless steel, cast iron, glass or clay — never aluminium."
Ginger-Cabbage Fried Rice with Sticky Tempeh,Lunch; Main Course; Side Dish,Vegetarian; Sattvic; No onion; No garlic; Egg-free; Naturally Gluten Free,10,35,4 people,"¼ tsp hing (asafoetida) | 2 tbsp organic sesame oil | 1 dsp of tomato puree mixed with chilli powder and a little maple | 200 g tempeh cut into 1cm cubes | 2 tbsp tamari soya sauce | 1 thumb size piece ginger grated | 1 medium chilli finely chopped | 300 g organic brown jasmine rice | 150 g peas | 200 g organic finely shredded cabbage tossed with ginger, lemon and a pinch of chilli | A handful of fresh coriander chopped | 50 g organic cashews toasted | 1 tbsp organic sesame seeds toasted","Cook the brown rice according to the packet instructions, then strain and let cool completely. | Heat 1 tbsp of sesame oil in a wok, add the chilli-tomato paste and cook for 1 minute. | Warm a little ghee or olive oil and bloom the hing for a few seconds until fragrant, then continue. | Now add the tempeh and 1 tbsp of tamari soya sauce and fry for about 5 minutes until the tempeh takes on a deep red colour and the moisture has absorbed. | Remove from the pan and set aside. | Add another tbsp of sesame oil to the pan and fry the ginger, ginger and chilli for 2 minutes. | Now add the brown rice and cook on a high heat for 3-4 minutes stirring frequently. | Next add the ginger cabbage and 1 tbsp of tamari soya sauce and cook for a further 2 minutes. | Add the peas and cook for a final 2 minutes. | To serve, place the rice in a bowl, top with the tempeh and garnish with toasted cashews & sesame seeds.",gluten; sesame; soya,"Vedanta kitchen: vegetarian, no onion, no garlic, no eggs, no mushrooms, no alcohol. | Use stainless steel, cast iron, glass or clay — never aluminium. | Hing is bloomed in hot ghee or oil; a pinch is enough."
Gluten Free Spicy Noodle,dinner; Lunch; Main Course,Vegetarian; Sattvic; No onion; No garlic; Egg-free; Vegan,10,10,4 people,¼ tsp hing (asafoetida) | 200 g gluten free brown rice vermicelli noodles | 1 tbsp organic sesame oil | 1 large thumb of ginger | 1 tbsp gojujang | 1 tbsp fresh lemon juice | 1 tbsp gluten free soy sauce | 1 tsp chilli oil | 300 g broccoli stems | 1 red pepper | A handful of coriander,"To prep, finely and ginger and peel and finely grate the ginger. | Chop the broccoli stems into approximately 2cm pieces. | Cut the red pepper into thin slices. | Cook the noodles according to packet instructions, then plunge into cold water to stop the cooking process, drain and set aside. | Now heat the sesame oil in a wok or frying pan and add the fennel or celery. | Warm a little ghee or olive oil and bloom the hing for a few seconds until fragrant, then continue. | Fry on a medium to high heat for a minute and then add the ginger and ginger. | Cook for another minute and then add the gojujang, lemon juice, soy sauce and chilli oil. | Fry for 2 more minutes and then add the broccoli stems along with a splash of hot water. | After another 2 minutes add the noodles and red peppers, mix well and add a splash more hot water if the pan is too dry. | Cook for a final 4 minutes before adding the coriander stems and coriander then serve.",gluten; sesame; soya,"Vedanta kitchen: vegetarian, no onion, no garlic, no eggs, no mushrooms, no alcohol. | Use stainless steel, cast iron, glass or clay — never aluminium. | Hing is bloomed in hot ghee or oil; a pinch is enough."
Grain Free Banana Cake,Appetizer; Dessert; Snack,Vegetarian; Sattvic; No onion; No garlic; Egg-free; Dairy Free; Naturally Gluten Free; Vegan,15,40,12,3 Bananas | 150 g organic chestnut flour | 2 tbsp organic coconut oil | 30 g organic tapioca flour | 2 tsp vanilla essence | 1 tsp organic fresh lemon juice | 1 tsp organic ceylon cinnamon powder,"Line a square 8″ bake tin and Pre-heat the oven to 150c. | Mash the banana and add all the other ingredients. | Combine well and use a food processor for a smoother batter. | Cook at 150° for 40 minutes, or until brown and firm. | Allow to cool and then slice into squares.",gluten,"Vedanta kitchen: vegetarian, no onion, no garlic, no eggs, no mushrooms, no alcohol. | Use stainless steel, cast iron, glass or clay — never aluminium."
Healthy Dog Treats,Appetizer; Side Dish; Snack,Vegetarian; Sattvic; No onion; No garlic; Egg-free,10,10,24,1 medium banana | 2 tbsp peanut butter | 2 flax eggs (1 tbsp ground flax + 3 tbsp water per egg) | 1 tbsp organic coconut oil | 15 g organic pumpkin seeds | 1/2 tsp organic peppermint | 1/2 tsp organic dried rosemary | 100 g organic rolled oats | 50 g organic potato flakes,"1. Combine the banana, peanut butter, coconut oil and flax eggs in a bowl. | 2. Roughly blend all the dry ingredients. | 3. Add the dry ingredients to the wet mixture and mix well. | 4. If needed add more potato flakes to form a dough. | 5. Roll out onto a flat surface and cut into squares or make some fun shapes! | 6. Cook in the middle of the oven at 180° for 10 minutes or until golden. | 7. Allow to cool and start treating your dog!",nuts; dairy,"Vedanta kitchen: vegetarian, no onion, no garlic, no eggs, no mushrooms, no alcohol. | Use stainless steel, cast iron, glass or clay — never aluminium. | Each egg is replaced with a flax egg."
Houmous With Roasted Chickpeas,Side Dish; Snack,Vegetarian; Sattvic; No onion; No garlic; Egg-free; Vegan,5,10,4 people,¼ tsp hing (asafoetida) | 350 g cooked chickpeas | 1 dsp organic tahini | 1 lemon juiced | 2 tbsp organic extra virgin olive oil | 50 g organic walnuts | 50 g organic pumpkin seeds | 1 tsp organic paprika | Chopped parsley | Natural fine sea Salt | Organic cracked black pepper,"Grate a little ginger and juice the lemon. | Add 250g of the chickpeas to a food processor along with the tahini, lemon juice, 1 clove of chopped ginger and 1 tbsp of olive oil. | Warm a little ghee or olive oil and bloom the hing for a few seconds until fragrant, then continue. | Season with plenty of salt and pepper and blend until smooth. | Spoon out into a bowl and set aside. | Take a frying pan and fry the remaining 100g of chickpeas in 1 tbsp of olive oil for 3 minutes on a medium heat. | Add the walnuts and pumpkin seeds along with the paprika and 1 clove of chopped ginger and cook for a further 2 minutes. | Allow to cool slightly then sprinkle over the houmous along with a drizzle of olive oil and some chopped parsley.",,"Vedanta kitchen: vegetarian, no onion, no garlic, no eggs, no mushrooms, no alcohol. | Use stainless steel, cast iron, glass or clay — never aluminium. | Hing is bloomed in hot ghee or oil; a pinch is enough."
Iron Rich Superfood Salad,Salad,Vegetarian; Sattvic; No onion; No garlic; Egg-free,10,10,4 People,"300 g tenderstem broccoli | 150 g organic kidney beans cooked | 150 g cooked edamame beans | 50 g organic cashew nuts | 50 g organic pumpkin seeds | 25 g organic sesame seeds | 2 tbsp organic extra virgin olive oil | 1 tsp organic dijon mustard | 1/2 lime | 1/2 lemon | handful of parsley | natural fine sea salt | organic cracked black pepper | ½ tsp roasted cumin powder | ½ tsp fresh ginger, grated","Cook the tenderstem broccoli in salted water for 2 minutes and then plunge into cold water to stop the cooking process. Strain and place aside. | Put the cashew nuts into a frying pan and roast on a medium to high heat until golden. | Repeat the process for the pumpkin seeds and then sesame seeds. | To make the dressing, juice the lemon and lime and place in a bowl. | Grate a little ginger and add to the bowl along with the mustard and salt and pepper. | Whisk together and then slowly drizzle in the oil olive while still whisking. | To assemble the salad, place the broccoli on a large serving plate, put the kidney and edamame beans on top. | Roughly chop the parsley and scatter over the salad along with the nuts and seeds. | Finally, drizzle over the dressing and serve.",nuts; sesame; mustard,"Vedanta kitchen: vegetarian, no onion, no garlic, no eggs, no mushrooms, no alcohol. | Use stainless steel, cast iron, glass or clay — never aluminium. | Cold dressings use lemon, ginger and roasted cumin instead of garlic."
Kale and Fennel Pasta,Main Course,Vegetarian; Sattvic; No onion; No garlic; Egg-free,5,15,4 People,"¼ tsp hing (asafoetida) | 1 tbsp organic extra virgin olive oil | 300 g organic cooked brown lentils, drained | 1/2 red chilli | 1/2 tsp organic fennel seeds | 150 g kale | 1 tbsp organic pinenuts | 100 g vegetarian hard cheese or nutritional yeast | A large handful of basil | 400 g organic penne pasta","Add the cooked lentils to a pan with the olive oil and cook for 5 minutes on a medium heat. | Warm a little ghee or olive oil and bloom the hing for a few seconds until fragrant, then continue. | Add to the pan and season generously with salt and pepper. | Finely chop the chilli. Lightly crush the fennel seeds. | Add all to the pan and continue to cook for another 5 minutes whilst stirring regularly. | Next, remove the stems from the kale. Cook in boiling salted water, drain and roughly chop then add to the pan. | Cook the pasta according to packet instructions, drain and add as well. | Finally, grate the cheese and add along with the basil and pine nuts. | Mix well and serve.",gluten; dairy,"Vedanta kitchen: vegetarian, no onion, no garlic, no eggs, no mushrooms, no alcohol. | Use stainless steel, cast iron, glass or clay — never aluminium. | Hing is bloomed in hot ghee or oil; a pinch is enough."
Lemon and Poppy Seed Drizzle Cake,Dessert,Vegetarian; Sattvic; No onion; No garlic; Egg-free; Vegan,15,45,10 people,"250 g organic self-raising flour | 150 g organic golden cane sugar | 1 tsp organic baking powder | Pinch natural fine sea salt | 2 tbsp organic poppy seeds | Zest of 2 lemons | 80 ml organic coconut oil | 200 ml organic oat milk, or any plant milk | 2 tbsp lemon juice | 1 tsp organic vanilla extract | Juice of 2 lemons | 80 g organic icing sugar","Preheat the oven to 180c and line a loaf tin with baking paper. | In a large bowl mix together the flour, golden cane sugar, baking powder, salt, poppy seeds and lemon zest. | In a jug whisk the melted coconut oil, oat milk, lemon juice and vanilla until smooth. | Pour the wet mixture into the dry and gently fold until combined, being careful not to over mix. | Tip the batter into the prepared tin and smooth the top. | Bake for 40–45 minutes until golden and a skewer inserted in the centre comes out clean. | While the cake is baking, stir the lemon juice into the icing sugar until smooth. | As soon as the cake comes out of the oven, prick the top all over with a skewer and spoon over the drizzle so it soaks in. | Leave the cake to cool in the tin before slicing, allowing the drizzle to set slightly.",gluten,"Vedanta kitchen: vegetarian, no onion, no garlic, no eggs, no mushrooms, no alcohol. | Use stainless steel, cast iron, glass or clay — never aluminium."
Lemon and Thyme Risotto,Main Course,Vegetarian; Sattvic; No onion; No garlic; Egg-free; Dairy Free; Naturally Gluten Free; Vegan,10,45,4 People,¼ tsp hing (asafoetida) | 1 tbsp organic extra virgin olive oil | 2 celery stalks | 1/2 tsp organic thyme | 400 g organic arborio rice | 1 litre vegetable stock | A large handful of parsley | 50 g vegetarian hard cheese or nutritional yeast | natural fine sea salt | organic cracked black pepper | 1 tbsp organic extra virgin olive oil | 1/2 tsp organic thyme | 100 g asparagus | 100 g frozen peas | Handful of spinach | 1/4 lemon | natural fine sea salt | organic cracked black pepper | 1 tbsp organic extra virgin olive oil | 1/2 tsp organic thyme | 100 g asparagus | 100 g frozen peas | Handful of spinach | 1/4 lemon | natural fine sea salt | organic cracked black pepper,"Finely dice the celery and celery and add to a large saucepan with the olive oil, salt and pepper. | Warm a little ghee or olive oil and bloom the hing for a few seconds until fragrant, then continue. | Fry on a medium to low heat for 10 minutes stirring regularly. | Grate a little ginger and add to the pan along with the thyme. | Continue to cook for a further 2 minutes before stirring in the rice. | Heat the vegetable stock in a separate saucepan and add a ladle to the pan. | Stir the pot frequently until all the stock has been absorbed then add another ladle. | Continue this process until you have used all all of the stock or the rice is cooked. | This process may take 20-25 minutes. If the stock runs out before the rice is cooked, add hot water. | Grate the vegetarian hard cheese and roughly chop the parsley. Add both to the pot, stir together, cover and leave off the heat. | To make the vegetables, roughly chop the asparagus and add to a frying pan with the olive oil. | Fry on a medium to high heat for 1 minute. | Chop the spinach and add to the pan with the peas, ginger and thyme and cook for another 3 minutes. | Squeeze the lemon over the top and season with salt and pepper. | To serve, place a large portion of the risotto on a plate and garnish with the vegetables.",dairy,"Vedanta kitchen: vegetarian, no onion, no garlic, no eggs, no mushrooms, no alcohol. | Use stainless steel, cast iron, glass or clay — never aluminium. | Hing is bloomed in hot ghee or oil; a pinch is enough."
Lentil Potato and Rocket Salad,Main Course; Salad; Snack,Vegetarian; Sattvic; No onion; No garlic; Egg-free; Naturally Gluten Free; Vegan,10,45,4 people,"2 tbsp organic extra virgin olive oil | 500 g new or waxy potatoes | 250 g organic french lentils cooked | 100 g rocket | 1 tsp dijon mustard | 1/2 lemon | natural fine sea salt | organic cracked black pepper | ½ tsp roasted cumin powder | ½ tsp fresh ginger, grated","Place the potatoes in a saucepan, cover with cold salted water and bring to the boil. | Turn down the heat, simmer for 10 minutes then drain and allow to cool. | Cut the potatoes into approximately 2cm pieces and place in a baking tray. | Drizzle with 1 tbsp of olive oil then season with salt and pepper. | Roast in an oven at 220c for 25-30 minutes until the potatoes are golden brown. | Finely chop 1 clove of ginger and add to the tray. | Add the dijon mustard, rocket and the juice of half a lemon. | Season generously with salt and pepper, mix well and serve while the potatoes are still warm.",mustard,"Vedanta kitchen: vegetarian, no onion, no garlic, no eggs, no mushrooms, no alcohol. | Use stainless steel, cast iron, glass or clay — never aluminium. | Cold dressings use lemon, ginger and roasted cumin instead of garlic."
Maple Baked Pears,Dessert,Vegetarian; Sattvic; No onion; No garlic; Egg-free; Vegan,10,35,4 People,4 pears | 50 g butter or plant-based alternative | 50 g brown sugar | 2 tbsp organic maple syrup | 50 g organic pecans,"In a small saucepan, melt the butter and add the sugar. | Mix until the sugar has dissolved. | Add the maple syrup, mix again and remove from the heat. | Peel the pears, cut in half and remove the cores. | Place a piece of baking paper on a baking tray and lay the pears cut side up. | Drizzle over the maple syrup mixture and bake at 200c for 25-30 minutes. | Roughly chop the pecans and roast in a dry frying pan for 2-3 minutes until they lightly colour. | To serve, place each pear on a plate, drizzle over the cooking liquor and scatter with some roasted pecans. | Goes wonderfully with ice-cream!",dairy,"Vedanta kitchen: vegetarian, no onion, no garlic, no eggs, no mushrooms, no alcohol. | Use stainless steel, cast iron, glass or clay — never aluminium."
Millet Burger,Appetizer; Lunch; Main Course; Snack,Vegetarian; Sattvic; No onion; No garlic; Egg-free; Naturally Gluten Free; Vegan,20,20,4,130 g organic hulled millet | 50 g organic sun dried tomatoes (soaked) | 50 g organic unblanched almonds | 50 g organic roasted pumpkin seeds | 50 g organic tapioca flour | 1 tsp sea salt | 1 tsp organic cracked black pepper | 1 tsp organic dried basil | 1 tsp organic dried oregano | 5 tbsp organic olive oil,"Rinse the grains twice with boiling water over the sieve. Place in the pot and cover with freshly boiled water around 1cm above the level of millet, add ½ teaspoon of salt, cover with a lid and check after 10 minutes if millet is soft. If it needs a bit more cooking but water has been absorbed, add just a little bit. When millet is soft, take the lid off and let the steam out for a bit. | In the meantime, put the almonds into a blender, blitz until coarse, add sundried tomatoes and keep blending till you get a smooth paste. | In a large bowl, mix cooked millet- it will bind better if it’s still warm, sundried tomato paste, toasted seeds, add a bit of starch and keep mixing, add spices, salt, taste, try to make a patty now, by forming a ball and flattening it. It should be really easy to make a burger, so if it is too crumbly, add more starch. The mixture should be a bit wet and oily. This is where you need to trust your hands and feel the textures of food, be intuitive and don’t be scared! | You can keep formed burgers in the fridge, so they firm up a bit, but if you are in a hurry, not to worry, burgers are ready to be either shallow fried or baked! | You can cover burgers in breadcrumbs now, if you choose to. | Warm up some rapeseed oil on the pan or heat up your oven to 180 degrees. Fry till golden and flip, if you are using the oven, bake for approx. 15 min and flip on the other side just for 5. | Eat cold, hot, in a bun or with salads, fries or whatever else you fancy! These are just so nice! Yum.",gluten,"Vedanta kitchen: vegetarian, no onion, no garlic, no eggs, no mushrooms, no alcohol. | Use stainless steel, cast iron, glass or clay — never aluminium."
Nectarine and Quinoa Salad,dinner; Lunch; Salad; Side Dish,Vegetarian; Sattvic; No onion; No garlic; Egg-free; Dairy Free; Naturally Gluten Free,10,10,4 people,250 g organic quinoa | 2 tbsp organic extra virgin olive oil | half a lemon juiced | natural sea salt crystals | organic cracked black pepper | 1 cucumber finely diced | 1 little gem or cos lettuce roughly chopped | 2 nectarines finely diced | 100 g walnuts roughly chopped | 1 dsp organic maple syrup | 3 tbsp yoghurt | 1 tsp chopped mint | half a lemon juiced | 1 tbsp organic extra virgin olive oil | natural sea salt crystals | organic cracked black pepper,"For the dressing, stir the lemon juice, mint and salt and pepper into the yoghurt, then drizzle in the olive oil whilst still stirring. | Next, gently fry the nectarine and walnuts in olive oil for 2 minutes. | Add the maple syrup and fry for a further 2 minutes then put aside. | Place the cooked whole grains in a large bowl, add the olive oil, lemon juice, cucumber, coriander stems and lettuce then mix throughly. | To serve, divide the grains into 4 portions, place the nectarine and walnuts on top and drizzle with the dressing.",dairy,"Vedanta kitchen: vegetarian, no onion, no garlic, no eggs, no mushrooms, no alcohol. | Use stainless steel, cast iron, glass or clay — never aluminium."
Oat and Raisin Cookies,Dessert,Vegetarian; Sattvic; No onion; No garlic; Egg-free,25,15,25,100 g organic raisins | 150 ml organic extra virgin olive oil | 100 g organic cane sugar | 1 flax egg (1 tbsp ground flax + 3 tbsp water per egg) | 1 tsp organic cinnamon | 1 tsp organic vanilla extract | 140 g organic plain flour | ¼ tsp bicarbonate of soda | 300 g organic oats,"Heat oven to 180C/160C fan/gas 4 and line 2 baking trays with baking paper. | Soak the raisins in 50ml of hot water for 15 minutes and drain. | Mix together the oil and sugar, beat in the flax egg, along with the raisin water, the cinnamon and vanilla extract. | Sift the flour, bicarbonate of soda then add the oats. | Mix in the raisins. | Drop heaped tbsps of the cookie dough onto the baking trays. | Bake for 12-15 mins until golden. | Leave to cool on the trays for 10 mins.",gluten,"Vedanta kitchen: vegetarian, no onion, no garlic, no eggs, no mushrooms, no alcohol. | Use stainless steel, cast iron, glass or clay — never aluminium. | Each egg is replaced with a flax egg."
Orecchiette with Broccoli and Hing,Main Course,Vegetarian; Sattvic; No onion; No garlic; Egg-free,10,15,4 people,¼ tsp hing (asafoetida) | 2 tbsp organic extra virgin olive oil | 100 g sourdough bread | 200 g broccoli stems | 1 red chilli | 2 large handfuls of spinach | 1/2 lemon | 400 g orecchiette | natural fine sea salt | organic cracked black pepper,"Take the bread and cut as finely as possible then fry in a pan with 1 tbsp of olive oil until golden brown. | Warm a little ghee or olive oil and bloom the hing for a few seconds until fragrant, then continue. | Next, take a large pot and cook for orecchiette in boiling salted water for 6 minutes. | Chop the broccoli into 2cm pieces, add to the pot and cook for a further 3 minutes. | Drain the pasta and broccoli reserving a mug full of the cooking liquor. | Grate a little ginger, remove the seeds from the chillis and finely slice. | Take a large frying pan and add 1 tbsp of olive oil and gently fry the ginger and chilli for 2 minutes. | Add the pasta and broccoli to the frying pan along with the spinach and juice of half a lemon. | Season generously with salt and pepper then mix and gently cook for a final 2 minutes. | Add a splash of the cooking liquor if the pasta becomes too dry. | Serve with your favourite cheese and the sourdough breadcrumbs scattered on top.",gluten,"Vedanta kitchen: vegetarian, no onion, no garlic, no eggs, no mushrooms, no alcohol. | Use stainless steel, cast iron, glass or clay — never aluminium. | Hing is bloomed in hot ghee or oil; a pinch is enough."
Organic Four Seed Bread Rolls,Appetizer; Breakfast; Lunch; Main Course; Side Dish; Snack,Vegetarian; Sattvic; No onion; No garlic; Egg-free,80,20,12,250 g organic white strong bread flour | 250 g organic wholemeal flour | 10 g dried yeast | 2 flax eggs (1 tbsp ground flax + 3 tbsp water per egg) | 1 tablespoon honey | 1.5 teaspoon sea salt | 50 g organic four seed mix | 250 ml milk | 35 g butter | a little flax egg or milk to glaze before cooking,"If you have a stand mixer, I would suggest you use it! | Place the flours, yeast, honey, flax eggs and salt into the mixing bowl. | Gently warm the milk and butter into a pan. The milk needs to be warm but not above lukewarm or it will kill the yeast. | Add the milk and butter to the bowl with the dry ingredients and mix, using the dough hook until combined and then until the dough becomes smooth and stretchy (this can take 7-10 minutes). This dough needs to be a little sticky, so do resist adding more flour. | (If you are making this by hand, then mix until a dough and then knead for at least 10 minutes until smooth and stretchy). | Place the dough into an oiled bowl, turn the dough over to get a little oil on the top and bottom. | Cover bowl with clingfilm and leave in a warm place for an hour or until the dough has doubled in size. | Place the proved dough onto the worktop and incorporate 45g of the four seed mix into the dough. If making rolls, divide into 12 and place onto a baking tray(s) lined with oiled greaseproof paper. | Cover with clingfilm and place into the fridge overnight. This will allow the rolls to prove for a second time. | Preheat oven to 200 degrees C (fan oven) and allow the rolls to come to room temperature for half an hour before removing the clingfilm, glazing with a little plant milk and sprinkling on the remaining seeds. | Put into the oven to cook for 15-20 minutes until the rolls are cooked and sound hollow when tapped on the bottom of the rolls. The rolls will look dark if you have glazed with plant milk.",gluten; dairy,"Vedanta kitchen: vegetarian, no onion, no garlic, no eggs, no mushrooms, no alcohol. | Use stainless steel, cast iron, glass or clay — never aluminium. | Each egg is replaced with a flax egg."
Organic Spiced Hot Chocolate,Drinks,Vegetarian; Sattvic; No onion; No garlic; Egg-free,2,5,1,"1-2 tsp organic cacao powder | 200 ml milk of your choice, oat works very well | 1 tsp organic Maple Syrup | 1/2 tsp organic Tapioca Flour","Use 1 to 1.5 teaspoons of cacao bean powder per person. | Mix cacao powder with one cup of your favourite plant milk, and start whisking well, ensuring cacao powder is well blended in. Keep on a very low heat for around 5 minutes, so the real chocolate flavour can develop. | Towards the end, add one teaspoon of any liquid sweetener, like agave or maple. Your real hot chocolate is now ready to drink. | Optional: Mix half a teaspoon of tapioca flour with a splash of water, ensuring there are no lumps. Slowly pour this to hot chocolate and continue boiling till it thickens up a bit.",gluten,"Vedanta kitchen: vegetarian, no onion, no garlic, no eggs, no mushrooms, no alcohol. | Use stainless steel, cast iron, glass or clay — never aluminium."
Parsnip and Fennel Gratin,Main Course,Vegetarian; Sattvic; No onion; No garlic; Egg-free,20,75,4 people,¼ tsp hing (asafoetida) | 2 tbsp organic extra virgin olive oil | 1 kg parsnips | 1 thyme sprig | 1 tbsp fresh lemon juice | 500 ml vegetable stock | 100 g cheddar cheese or plant based alternative | 200 ml cream or plant based alternative | 50 g organic pumpkin seeds | natural fine sea salt | organic cracked black pepper,"Finely slice the fennel or celery, then gently fry in olive oil for 2-3 minutes on a medium heat until they start to soften. | Warm a little ghee or olive oil and bloom the hing for a few seconds until fragrant, then continue. | Slice the fennel into 0.5cm rounds, add to the fennel or celery and cook for a further 2-3 minutes. | Finely slice the ginger and remove the thyme from the stem, add both to the fennel & fennel or celery. | Add the lemon juice, season generously with salt and pepper and cook on a low heat for 25 - 30 minutes stirring regularly until the mixture turns soft and golden. | Next, peel the parsnips and slice as finely as you can. | In a baking tray, place a layer of the cooked fennel mixture followed by a layer of the sliced parsnips. Season each layer of parsnips with salt and pepper. | You should have about 3 layers of each depending on the size of your baking tray. | Pour over the vegetable stock and roast at 200c for 25-35 minutes or until the top starts to brown. | Remove the baking tray and top with the cream, cheese and pumpkin seeds then bake for a final 10 minutes.",dairy,"Vedanta kitchen: vegetarian, no onion, no garlic, no eggs, no mushrooms, no alcohol. | Use stainless steel, cast iron, glass or clay — never aluminium. | Hing is bloomed in hot ghee or oil; a pinch is enough."
Peanut Butter Chocolate Cookie,Lunch,Vegetarian; Sattvic; No onion; No garlic; Egg-free,15,12,12 Cookies,80 g organic plain flour | 70 g organic almond flour | 1 tsp organic baking powder | Pinch natural fine sea salt | 125 g organic golden cane sugar | 120 g organic smooth peanut butter | 60 ml organic coconut oil | 1 tsp organic vanilla extract | 2 tbsp organic plant-based milk | 100 g organic dark chocolate | 50 g organic peanuts (roasted and chopped),"Preheat the oven to 180°C and line a steel baking tray with baking paper. | In a bowl, whisk together the plain flour, almond flour, baking powder and salt. | Gently melt the dark chocolate until smooth, then set aside to cool slightly. | In a separate large bowl, stir together the peanut butter, melted coconut oil, sugar and vanilla until smooth and glossy. | Pour in the melted chocolate and mix until fully combined, then add the plant-based milk to loosen the mixture slightly. | Tip the dry ingredients into the wet mixture and stir until just combined into a thick, soft dough. | Fold through the chopped roasted peanuts so they’re evenly distributed. | Scoop heaped tablespoons of dough, roll lightly in your hands, and place onto the tray with space between each for spreading. | Gently flatten the tops with a fork. | Bake for 10–12 minutes until the edges are set but the centres remain soft. | Allow to cool slightly on the tray before serving so the texture stays fudgy and rich.",gluten; nuts,"Vedanta kitchen: vegetarian, no onion, no garlic, no eggs, no mushrooms, no alcohol. | Use stainless steel, cast iron, glass or clay — never aluminium."
Peanut Butter Flapjack,Snack,Vegetarian; Sattvic; No onion; No garlic; Egg-free,10,25,12 People,250 g organic oats | 50 g organic pumpkin seeds | 150 g organic pecans | 100 g butter or plant-based alternatives | 50 g organic brown sugar | 3 tbsp agave | 150 g organic peanut butter | natural fine sea salt,"Roughly chop the pecans and pumpkin seeds and place in a baking tray along with the oats. | Roast at 200c for approximately 10 minutes until they lightly colour. | Melt the butter and sugar together in a large saucepan. | Add the agave, peanut butter and salt, combine then remove from the heat. | Next, add the oats, pecans and pumpkin seeds and mix together well. | Line a steel baking tray with baking paper and turn the mixture out into it. | Bake at 200c for 20-25 minutes then remove and let cool completely before cutting into bars.",nuts; dairy,"Vedanta kitchen: vegetarian, no onion, no garlic, no eggs, no mushrooms, no alcohol. | Use stainless steel, cast iron, glass or clay — never aluminium."
Penne Arrabbiata,dinner; Lunch,Vegetarian; Sattvic; No onion; No garlic; Egg-free,5,30,2,¼ tsp hing (asafoetida) | 1 tbsp organic extra virgin olive oil | 1/2 tsp organic chilli flakes | 1 organic chopped tomatoes | 1/2 can water | Natural Fine Sea Salt | Organic Ground pepper,"Grate a little ginger and fry in olive oil along with the chilli flakes for 2-3 minutes taking care not to burn the ginger. | Warm a little ghee or olive oil and bloom the hing for a few seconds until fragrant, then continue. | Add the tinned tomatoes along with half a can of water. | Add salt and pepper generously, bring to the boil then turn down and simmer for half an hour. | Stir frequently whilst breaking the down the tomatoes to create a chunky sauce. | Cook the penne according to the packet instructions, strain and add to the arrabbiata sauce, mix well and serve with your favourite cheese.",,"Vedanta kitchen: vegetarian, no onion, no garlic, no eggs, no mushrooms, no alcohol. | Use stainless steel, cast iron, glass or clay — never aluminium. | Hing is bloomed in hot ghee or oil; a pinch is enough."
Pinto Bean Soup,dinner; Lunch; Side Dish; Soup,Vegetarian; Sattvic; No onion; No garlic; Egg-free; Naturally Gluten Free; Vegan,15,60,4 people,¼ tsp hing (asafoetida) | 1 tbsp organic extra virgin olive oil | 2 celery stalks finely chopped | 2 gloves finely chopped | 1 bay leaf | 1 rosemary stalk | 2 medium tomatoes roughly chopped | 250 g potato | 250 g organic pinto beans | 200 g cavolo nero | 1 litre organic vegetable stock | Natural Sea Salt Crystals | Organic Ground Pepper,"Soak the beans for 8-12 hours (overnight). | Simmer the beans for 1 hr and then set aside. | In a large saucepan, fry the celery, celery and fennel in olive oil on a medium heat for 10 minutes. | Warm a little ghee or olive oil and bloom the hing for a few seconds until fragrant, then continue. | Add the ginger, rosemary and bay leaf and cook for a further 10 minutes. | Peel the potatoes and cut into approximately 2cm cubes. | Add the potato, tomatoes and pinto beans to the pan with the vegetable stock and simmer for 25 minutes. | Remove a quarter of the soup from the saucepan and mash until smooth, return to the pan to thicken the soup. | Strip the stalks from the cavolo nero and roughly chop. Add to the soup and cook for a further 5 minutes or until the cavolo nero is tender.",,"Vedanta kitchen: vegetarian, no onion, no garlic, no eggs, no mushrooms, no alcohol. | Use stainless steel, cast iron, glass or clay — never aluminium. | Hing is bloomed in hot ghee or oil; a pinch is enough."
Pistachio Chicory Layer Pudding,Dessert,Vegetarian; Sattvic; No onion; No garlic; Egg-free; Vegan,30,4,8 People,"250 g oat or almond biscuits | 250 ml roasted chicory decoction (brewed), cooled | 2 tbsp organic maple syrup | 250 g organic raw pistachios, unsalted, shelled | 200 ml organic coconut cream, thick part from a chilled tin | 250 g vegan cream cheese | 100 g organic raw light cane sugar | 2 tsp organic vanilla extract | 2 tbsp organic almond milk | 2 tbsp organic cacao powder, for dusting | Extra chopped pistachios, to garnish","Soak the pistachios in hot water for 30 minutes, then drain well. | Blend with coconut cream, cream cheese, golden cane sugar, vanilla, and plant milk until smooth and the sugar has dissolved. | Chill the mixture while you prepare the rest. | Mix the cooled chicory decoction with maple syrup in a shallow dish. | Dip each biscuit quickly into the chicory decoction mixture so they soften but don’t collapse. | Line a dish (approx. 20 x 25cm) with a layer of the soaked biscuits. | Spread half the pistachio cream evenly over the top. | Repeat with another layer of dipped biscuits, then spread on the remaining pistachio cream, smoothing the surface neatly. | Dust generously with cacao powder and scatter chopped pistachios. | Chill for at least 4 hours, ideally overnight, for the tiramisu to firm up.",nuts,"Vedanta kitchen: vegetarian, no onion, no garlic, no eggs, no mushrooms, no alcohol. | Use stainless steel, cast iron, glass or clay — never aluminium."
Plant Based Banoffee Pie,Dessert,Vegetarian; Sattvic; No onion; No garlic; Egg-free,30,120,4 People,50 grams organic unblanched almonds | 160 grams organic rolled oats | 50 grams organic coconut oil | 2 tbsp water | 2 tbsp maple or agave syrup | 1 pinch sea salt | 240 grams organic medjool dates | 1 tbsp melted organic coconut oil | 1 tbsp organic tahini | 1 generous pinch sea salt | 100 ml hot water | 1 tsp vanilla | 1 heaped tsp organic lucuma powder | 3 bananas | 220g grams organic whole cashew nuts (ideally soaked overnight) | 175 ml plant based milk (I used homemade oat milk) | 1 tsp vanilla | 3 tbsp maple syrup (4 for extra sweet) | 120 ml organic coconut oil,"Blend all the base ingredients in a high speed processor. I like to start with blending the oats and almonds to a flour and then adding the remaining ingredients so it’s a smoother mixture. | Leave the base in the fridge or freezer whilst you make the other layers for the caramel - if your dates are not very soft then soak them in boiling water for 10 mins or so. | Combine all the ingredients in a high speed food processor. | Pour the caramel over the base and leave in the fridge whilst you make the cashew cream topping. | For the cashew cream - blend all the ingredients on high speed until the mixture is smooth and creamy with no lumps. Done! | Slice the bananas and layer on top of the caramel filling. | Finally, pour (or pipe swirls of) the creamy cashew cream over the caramel and bananas. | Leave in the fridge to set for 2 hours or overnight. | Garnish as you wish - I like adding a finely chopped chocolate bar, cacao nibs or a dusting of cacao powder!",nuts,"Vedanta kitchen: vegetarian, no onion, no garlic, no eggs, no mushrooms, no alcohol. | Use stainless steel, cast iron, glass or clay — never aluminium."
"Plant-Based Apple, Blueberry and Almond Crumble",Dessert,Vegetarian; Sattvic; No onion; No garlic; Egg-free; Vegan,15,40,6,"4 medium cooking apples, peeled, cored, and cut into chunks | 250 g blueberries | 50 g organic brown sugar | 1 tsp lemon juice | 75 g organic plain flour | 75 g organic almond flour | 100 g vegan block butter, cold, diced | 75 g organic brown sugar | 50 g organic rolled oats | 60 g organic flaked almonds | Pinch natural fine sea salt","Firstly, mix together the apple chunks and blueberries with the lemon juice and sugar. | Tip the fruit into a baking dish then prep the topping. | Rub the butter into the plain and almond flour with your fingertips until it looks like breadcrumbs, leaving a few small lumps for texture. | Stir in the oats, sugar, flaked almonds, and a pinch of salt. | Scatter the crumble mixture evenly over the fruit without pressing it down. | Bake for 35–40 minutes at 180C, until the topping is golden and crisp and the fruit juices bubble up around the edges. | Leave to rest for 5 minutes, then serve with your favourite plant-based vanilla ice cream, custard or cream.",gluten; nuts; dairy,"Vedanta kitchen: vegetarian, no onion, no garlic, no eggs, no mushrooms, no alcohol. | Use stainless steel, cast iron, glass or clay — never aluminium."
Plant-Based Black Bean Burrito,dinner; Lunch; Snack,Vegetarian; Sattvic; No onion; No garlic; Egg-free,15,15,4 People,"¼ tsp hing (asafoetida) | 500 g aubergine, diced | 1/2 tsp organic thyme | 1 tsp organic paprika | 200 g organic brown rice (cooked) | 200 g organic black turtle beans (cooked) | 1 cos lettuce | 100 g cherry tomatoes | 2 avocado | 1 tsp organic jalapeños | 1 lime | 2 tbsp plant-based yoghurt | 50 g plant-based cheese, grated | 4 large tortilla wraps | 1 tbsp organic extra virgin olive oil | natural fine sea salt | organic cracked black pepper","Roughly chop the aubergine and add to a large frying pan with the olive oil. | Warm a little ghee or olive oil and bloom the hing for a few seconds until fragrant, then continue. | Fry on a medium to high heat for 5 minutes stirring regularly. | Grate a little ginger and add to the aubergine along with the thyme and paprika. | Turn down the heat and cook for a further 5 minutes. | Add the brown rice and black beans and season generously with salt and pepper. | Cook for a final 5 minutes then set aside. | Shred the cos lettuce, finely chop the coriander stems and roughly chop the tomato and avocado. | To assemble the burritos, firstly warm the tortillas in a dry frying pan. | Place a large portion on the aubergine, rice and beans on the centre of the tortilla. | Top with the lettuce, coriander stems and tomato and avocado. | Add some of the jalapeños, grated cheese, plant-based yoghurt and a squeeze of lime juice. | Fold the side of the tortilla over the filling then carefully roll up from the bottom.",dairy,"Vedanta kitchen: vegetarian, no onion, no garlic, no eggs, no mushrooms, no alcohol. | Use stainless steel, cast iron, glass or clay — never aluminium. | Hing is bloomed in hot ghee or oil; a pinch is enough. | Aubergine, walnuts and sun-dried tomato stand in for mushrooms."
Plant-Based Caesar Salad,Salad,Vegetarian; Sattvic; No onion; No garlic; Egg-free; Dairy Free; Vegan,10,15,4 People,"2 tbsp organic extra virgin olive oil | 200 g organic tempeh | 100 g organic chickpeas (cooked) | 100 g sourdough bread | 2 large cos lettuce | 2 tbsp organic extra virgin olive oil | 1 tbsp organic mayonnaise | 1 lemon | natural fine sea salt | organic cracked black pepper | ½ tsp roasted cumin powder | ½ tsp fresh ginger, grated","Cut the tempeh into roughly 0.5cm slices then place in a frying pan with 1 tbsp of olive oil. | Cook on a medium heat for 2 minutes on each side then add the chickpeas. | Continue to cook for a further 2-3 minutes until the tempeh is golden then remove from the pan. | Cut the sourdough into approximately 1cm piece then place in the same pan with 1 tbsp of olive oil. | Fry on a medium to high heat until the bead becomes golden. Remove from the pan. | To make the dressing, place all of the ingredients in a bowl (except the oil) and whisk well. | Slowly drizzle in the olive oil whilst still whisking. | Cut across the cos lettuce in roughly 2cm slices and finely chop the coriander stems. | To serve, place a large handful of the cos in a bowl, top with a portion on the tempeh and chickpeas. | Scatter across some of the coriander stems, place a few pieces of sourdough on top then drizzle generously with the dressing.",gluten; soya,"Vedanta kitchen: vegetarian, no onion, no garlic, no eggs, no mushrooms, no alcohol. | Use stainless steel, cast iron, glass or clay — never aluminium. | Cold dressings use lemon, ginger and roasted cumin instead of garlic."
Plant-Based Carrot Cake,Dessert,Vegetarian; Sattvic; No onion; No garlic; Egg-free; Dairy Free; Vegan,25,50,10,"250 g carrots, grated | 180 g organic plain flour | 1 tsp organic baking powder | ½ tsp bicarbonate of soda | ½ tsp natural fine sea salt | 1 tsp organic ceylon cinnamon | ½ tsp organic nutmeg | 1 tbsp freshly grated ginger | 100 g organic aseel dates, pitted and chopped | 60 g organic walnuts, roughly chopped | 100 g organic cane sugar | 80 ml organic coconut oil, melted | 200 ml organic almond milk | 2 tbsp organic orange juice | 1 tsp organic vanilla extract | 200 g plant-based cream cheese | 60 g plant-based butter, softened | 200 g organic icing sugar, sifted 1 tsp orange zest | 1 tsp organic vanilla extract","Preheat the oven to 180c and line a standard 2lb loaf tin with parchment, letting it overhang for easy lifting. | In a large bowl, whisk together the flour, baking powder, bicarbonate of soda, salt, cinnamon and nutmeg. | Stir in the grated carrots, dates, ginger and walnuts so they’re coated in the flour mixture. | In another bowl, whisk the sugar with the coconut oil, milk, orange juice and vanilla until smooth. | Pour the wet ingredients into the dry and gently fold until just combined to make a thick batter. | Spoon the mixture into the prepared tin, smooth the top and bake for 45–50 minutes, until a skewer comes out clean. | Leave to cool in the tin for 10 minutes, then turn out onto a wire rack and cool completely before frosting. | To make the frosting, beat the cream cheese and butter together until smooth, then gradually mix in the icing sugar. | Stir through the orange zest and vanilla then spread generously over the cooled cake. | Finally scatter a few extra chopped walnuts on top.",gluten; nuts,"Vedanta kitchen: vegetarian, no onion, no garlic, no eggs, no mushrooms, no alcohol. | Use stainless steel, cast iron, glass or clay — never aluminium."
Plant-Based Minestrone,dinner; Lunch,Vegetarian; Sattvic; No onion; No garlic; Egg-free; Vegan,20,40,6 people,"¼ tsp hing (asafoetida) | 2 tbsp organic extra virgin olive oil, finely chopped | 2 carrots, diced | 2 celery sticks, diced | 1 red pepper, diced | 1 tsp organic dried rosemary | 1 tsp organic dried thyme | 1 bay leaf | 2 tbsp tomato purée | 1 400g tin chopped tomatoes | 1.2 litres vegetable stock | 120 g small pasta | 2 handfuls cavolo nero, shredded | natural fine sea salt | organic cracked black pepper","Heat the olive oil in a large pot over a medium heat, then add the celery, carrot, and celery. | Warm a little ghee or olive oil and bloom the hing for a few seconds until fragrant, then continue. | Season with salt and pepper, and cook gently for about 8 minutes until softened. | Stir in the ginger, red pepper, rosemary, thyme and bay leaf. | Cook for another 3–4 minutes before adding the tomato purée, cook for a further minute. | Tip in the chopped tomatoes and vegetable stock, bring to a gentle boil, then lower to a simmer. | Let the soup cook gently for 15 minutes before adding the pasta. | Cook until al dente, about 10 minutes. | If the soup thickens too much, loosen with a splash more stock or water. | Stir through the cavolo nero just before serving so it wilts into the broth. | Ladle into bowls, scatter with basil, a squeeze of lemon juice, a drizzle of oil and a generous grating of vegetarian hard cheese. | Serve with plenty of crusty bread to mop up the broth.",gluten,"Vedanta kitchen: vegetarian, no onion, no garlic, no eggs, no mushrooms, no alcohol. | Use stainless steel, cast iron, glass or clay — never aluminium. | Hing is bloomed in hot ghee or oil; a pinch is enough."
Potato and Spinach Salad,Main Course,Vegetarian; Sattvic; No onion; No garlic; Egg-free,15,20,4 People,"500 g new potatoes | 240 g organic chickpeas (cooked) | 3 celery sticks, finely sliced | 2 large handfuls baby spinach | 3 tbsp organic extra virgin olive oil | Juice of 1 lemon | 1 tbsp mayonnaise, or plant-based alternative | natural fine sea salt | organic cracked black pepper | ½ tsp roasted cumin powder | ½ tsp fresh ginger, grated","Bring a pan of salted water to the boil and cook the new potatoes for around 15 to 20 minutes until just tender. | Drain well and leave them to cool slightly then cut in half. | In a small bowl, whisk together the olive oil, lemon juice and mayo until smooth. | Season generously with salt and black pepper. | In a large bowl, combine the warm potatoes with the chickpeas, celery, coriander stems and spinach. | Pour over the dressing while the potatoes are still a little warm so they soak up the flavour. | Toss well until everything is coated and serve.",,"Vedanta kitchen: vegetarian, no onion, no garlic, no eggs, no mushrooms, no alcohol. | Use stainless steel, cast iron, glass or clay — never aluminium. | Cold dressings use lemon, ginger and roasted cumin instead of garlic."
Protein Flapjack,Main Course,Vegetarian; Sattvic; No onion; No garlic; Egg-free,0,25,12,125 g organic butter | 130 g organic maple syrup | 125 g organic peanut butter | 350 g organic gluten free porridge oats | 2 tbsp organic pumpkin protein powder | 2 tbsp organic hulled hemp seed,"Heat the oven to 180c/gas mark 4. | Line an 8inch/20cm square tin with baking paper. | Melt the butter in the saucepan over a low heat and stir in the maple syrup. | Remove pan from the heat and stir in the peanut butter. | Combine the oats, hemp seed and protein powder in a bowl. | Stir in the liquid mixture and combine. | Pour the mixture into the baking tray and press down firmly. | Bake for 25mins or until golden. | Allow to cool and then cut into 12 squares.",nuts; dairy,"Vedanta kitchen: vegetarian, no onion, no garlic, no eggs, no mushrooms, no alcohol. | Use stainless steel, cast iron, glass or clay — never aluminium."
Protein Packed Granola Bar,Dessert; Snack,Vegetarian; Sattvic; No onion; No garlic; Egg-free; Naturally Gluten Free,30,30,12,350 g organic jumbo oats | 80 g organic cake and pastry flour | 30 g organic unblanched almonds | 30 g organic pecans | 30 g organic whole cashews | 60 g organic apricots | 60 g organic raisins | 10 g organic pumpkin seeds | 10 g organic golden flaxseeds | 10 g organic sunflower seeds | 200 g dairy butter | 175 g golden syrup | 200 g organic unrefined cane sugar,"Preheat oven to 160c or gas mark 3. Grease a 28cm by 21cm square baking tin and line with baking paper. | Mix together the oats, flour, nuts, fruit, seeds and cacao nibs in a large bowl. | Place the butter, syrup and sugar in a pan over a low heat. Stirring until melted and smooth. | Pour the syrup into the oats and stir until combined. | Pour the mixture into the tin. Spread it out, level and press down firmly until well compacted. | Bake for 30 mins until set and golden. (They should be soft to touch as they firm up as they cool). | Leave to cool for 10 mins. Cut and enjoy.",gluten; dairy,"Vedanta kitchen: vegetarian, no onion, no garlic, no eggs, no mushrooms, no alcohol. | Use stainless steel, cast iron, glass or clay — never aluminium."
Raisin and Vanilla Muffin,Main Course,Vegetarian; Sattvic; No onion; No garlic; Egg-free,15,15,12,170 g organic Self Raising Flour | 2 flax eggs (1 tbsp ground flax + 3 tbsp water per egg) | 2 tbsp organic ground flax seed | 60 g organic mixed vine fruits | 80 g organic raw light cane sugar | 2 tsp organic vanilla extract | 2 tbsp organic almond milk | 1 tsp ground cinnamon | 40 ml organic extra virgin olive oil,"Heat the oven to 180 degrees and line a cake tray with 12 paper cases. | Soak the raisins in hot water for 30 minutes, then drain well. | Combine the golden cane sugar, vanilla, and plant milk, oil and flax egg until smooth. | Add the flour, cinnamon, flax seed and combing until light and fluffy, ideally in a mixer. | Add the raisins and combine well. | Cook for 15 minutes and then leave to cool before enjoying.",gluten; nuts,"Vedanta kitchen: vegetarian, no onion, no garlic, no eggs, no mushrooms, no alcohol. | Use stainless steel, cast iron, glass or clay — never aluminium. | Each egg is replaced with a flax egg."
Raspberry No-Bake Cheesecake,Dessert,Vegetarian; Sattvic; No onion; No garlic; Egg-free; Vegan,25,0,8,"200 g oat biscuits, check they’re vegan | 80 g plant-based butter, melted | 400 g plant-based cream cheese | 120 g organic raw cane sugar | Juice of half a lemon | 1 tsp vanilla extract | 200 ml plant-based double cream | 200 g raspberries, fresh or frozen | 25 g soft light brown sugar | 1 oat biscuit, crushed | 8 rasberries","To make the base, crush the biscuits into fine crumbs, then stir through the melted butter. | Divide between 8 glasses, press down gently with the back of a spoon, then pop into the fridge to set while you make the filling. | For the filling, dissolve the brown sugar by warming it gently with a splash of water, then leave it to cool completely. | Whip the cream until soft peaks form. | In another bowl, beat the cream cheese with the cooled sugar syrup, lemon juice and vanilla until smooth, then fold in the whipped cream. | To make the raspberry topping, put the raspberries and sugar into a small pan and heat gently until the fruit begins to break down. | Remove from the heat, then leave to cool. | Add a large spoonful of the filling followed by a large spoonful of the cooled raspberry sauce to each of the glasses with the biscuit base. | Add a second spoonful of the filling, gently smooth down with a knife, then place in the fridge for at least an hour to set. | Serve each glass with some of the crushed oat biscuit and a raspberry on top.",,"Vedanta kitchen: vegetarian, no onion, no garlic, no eggs, no mushrooms, no alcohol. | Use stainless steel, cast iron, glass or clay — never aluminium."
Rigatoni With A Creamy Rocket Sauce,Main Course,Vegetarian; Sattvic; No onion; No garlic; Egg-free; Vegan,10,15,4 people,"¼ tsp hing (asafoetida) | 400 g rigatoni | 4 tbsp organic extra virgin olive oil, plus extra to drizzle | 120 g organic walnuts | 300 ml plant-based cream | 80 g rocket, plus extra to garnish | small handful parsley, finely chopped | natural fine sea salt | organic cracked black pepper | ½ lemon","Bring a large pot of salted water to the boil and cook the rigatoni until al dente, reserving a splash of the cooking water before draining. | While the pasta cooks, heat the olive oil in a wide pan and gently fry the fennel or celery and ginger until they soften. | Warm a little ghee or olive oil and bloom the hing for a few seconds until fragrant, then continue. | Add the walnuts to the pan and toast for a minute, then pour in the plant-based cream and let it simmer gently. | Season with salt and pepper. | Toss the drained rigatoni into the sauce, loosening with a little cooking water if needed. | Fold in the rocket just before serving so it wilts slightly but keeps it’s vibrant colour,. | Finish with the parsley and serve with a squeeze of lemon juice, a drizzle of olive oil, and a good grind of black pepper.",,"Vedanta kitchen: vegetarian, no onion, no garlic, no eggs, no mushrooms, no alcohol. | Use stainless steel, cast iron, glass or clay — never aluminium. | Hing is bloomed in hot ghee or oil; a pinch is enough."
Roasted Aubergine and Cashew Soup,Soup,Vegetarian; Sattvic; No onion; No garlic; Egg-free; Naturally Gluten Free; Vegan,10,60,4 People,"¼ tsp hing (asafoetida) | 1 tbsp organic extra virgin olive oil | 500 g aubergine, diced | 1 celery stalk | 1 tsp organic thyme | 1 bay leaf | 50 g sun-dried tomatoes, plus 30 g walnuts, chopped | 1 tbsp organic fresh lemon juice | 1 litre vegetable stock | natural fine sea salt | organic cracked black pepper","Roughly chop the aubergine and place in a large frying pan with 1 tbsp of olive oil. | Warm a little ghee or olive oil and bloom the hing for a few seconds until fragrant, then continue. | Fry on a medium to high heat for 10 minutes until any water evaporates and the aubergine colour. | Remove the aubergine and set aside. | Dice the celery and celery and add to the same pan with 1 tbsp of olive oil. | Cook on a medium for 5 minutes stirring frequently. | Soak the soaked sun-dried tomatoes in hot water for 5 minutes then drain and roughly chop. | Chop the ginger and add to the pan along with soaked sun-dried tomatoes as well as the thyme and bay leaf, cook for a further 5 minutes. | Add the lemon juice and cook for another 2 minutes before adding back the aubergine (reserve a few for garnish). | Pour in the vegetable stock and bring to the boil then simmer for 30 minutes. | Remove the bay leaf then liquidise with a stick blender. | Serve with a couple of the reserved aubergine finely chopped.",,"Vedanta kitchen: vegetarian, no onion, no garlic, no eggs, no mushrooms, no alcohol. | Use stainless steel, cast iron, glass or clay — never aluminium. | Hing is bloomed in hot ghee or oil; a pinch is enough. | Aubergine, walnuts and sun-dried tomato stand in for mushrooms."
Roasted Carrot and Coriander Soup,dinner; Lunch,Vegetarian; Sattvic; No onion; No garlic; Egg-free,10,35,4 People,"¼ tsp hing (asafoetida) | 600 g carrots, peeled and cut into chunks | 2 tbsp organic extra virgin olive oil | 1 tsp organic ground coriander | 1 tsp organic ground cumin | 1 litre vegetable stock | 1 tbsp yoghurt or plant-based alternative | A large handful of fresh coriander | Natural Fine Sea Salt | Organic Cracked Black Pepper | A few extra coriander leaves | 2-3 organic walnuts (crushed), chopped | A few extra coriander leaves | 2-3 organic walnuts (crushed), chopped","Preheat the oven to 200°C. | Place the carrots, celery and ginger cloves on a baking tray, drizzle with olive oil, season with salt and pepper, and roast for 25 minutes until golden and tender. | Warm a little ghee or olive oil and bloom the hing for a few seconds until fragrant, then continue. | Reserve a few of the roasted carrots for garnish. Chop and set aside. | Squeeze the roasted ginger from its skins and place in a large saucepan with the rest of the roasted carrots and celery. | Sprinkle over the ground coriander and cumin, stir well and cook gently for a couple of minutes to release the flavour. | Pour in the vegetable stock, bring to the boil and simmer for 10 minutes. | Add the fresh coriander and yoghurt, then blend the soup until smooth using a stick blender or food processor. Adjust the seasoning to taste. | Ladle into bowls and garnish with fresh coriander leaves, chopped walnuts and the reserved roasted carrots. Serve with warm crusty bread.",dairy,"Vedanta kitchen: vegetarian, no onion, no garlic, no eggs, no mushrooms, no alcohol. | Use stainless steel, cast iron, glass or clay — never aluminium. | Hing is bloomed in hot ghee or oil; a pinch is enough."
Roasted Carrot and Parsnip Salad with Tahini,Lunch,Vegetarian; Sattvic; No onion; No garlic; Egg-free; Vegan,15,40,4 People,"2 tbsp organic extra virgin olive oil | 1 kg carrots | 1 kg parsnips | 1 tbsp organic maple syrup | 1 tbsp organic fresh lemon juice | 50 g organic pumpkin seeds | 25 g organic sesame seeds | 200 g cherry tomatoes | natural fine sea salt | organic cracked black pepper | 2 tbsp organic extra virgin olive oil | 1 tsp organic tahini | 1 tsp organic maple syrup | 1 tsp organic lemon juice with a drop of maple | 1/2 lemon | natural fine sea salt | organic cracked black pepper | ½ tsp roasted cumin powder | ½ tsp fresh ginger, grated","Peel the carrots and parsnips, place in a large saucepan of cold salted water and bring to the boil. | Simmer for 5 minutes, drain and then allow to cool. | When cool, cut the carrots in half across and then into quarters. Repeat the process with the parsnips. | Place on a baking tray and drizzle with the olive oil. | Next, add the lemon juice, maple syrup and season with salt and pepper. | Roast at 220c for 30 minutes. | Remove the tray from the oven, add the pumpkin and sesame seeds and roast for a further 5 minutes. | Take the tray from the oven and set aside. | To make the dressing, place all of the ingredients (except the oil) into a bowl and whisk together. | Next, drizzle in the oil whilst still whisking. | Finely slice the tomatoes and fennel or celery. | To assemble the salad, place a large portion of the roasted veg on a plate, top with sliced tomato and fennel or celery, then drizzle with the dressing.",sesame,"Vedanta kitchen: vegetarian, no onion, no garlic, no eggs, no mushrooms, no alcohol. | Use stainless steel, cast iron, glass or clay — never aluminium. | Cold dressings use lemon, ginger and roasted cumin instead of garlic."
Roasted Cauliflower Bowl,Appetizer; Lunch; Main Course; Salad; Side Dish; Snack,Vegetarian; Sattvic; No onion; No garlic; Egg-free; Dairy Free; Naturally Gluten Free; Vegan,25,10,4 people,"1 large cauliflower | 2 tbsp organic extra virgin olive oil | 1 tsp organic paprika | 1/2 tsp organic chilli flakes | 50 g organic pumpkin seeds | 250 g organic tricolour quinoa (cooked) | 4 large handfuls of washed spinach | 8 radish finely sliced | Half large cucumber sliced | fine sea salt | organic cracked black pepper | 2 tbsp plant based natural yoghurt | 1 organic chilli flakes | 6 mint leaves | 2 tbsp organic lemon juice | ½ tsp roasted cumin powder | ½ tsp fresh ginger, grated","Remove any leaves from the base of the cauliflower and cut into 4 pieces. Take each quarter and cut in another 3 or 4 equal sized pieces and place on a baking tray. | Add the paprika, chilli flakes, salt and pepper then drizzle with olive oil and toss together. | Place in an oven at 220c and roast for 20 minutes (turning over the cauliflower every 5 minutes). Add the pumpkin seeds and roast for a further 5 minutes. | Now add all of the dressing ingredients to a food processor and blend until smooth. | To serve, place a generous portion of the cooked cauliflower in a bowl along with a large spoonful of grains and spinach plus some sliced radish and cucumber. | Drizzle over the dressing and serve.",dairy,"Vedanta kitchen: vegetarian, no onion, no garlic, no eggs, no mushrooms, no alcohol. | Use stainless steel, cast iron, glass or clay — never aluminium. | Cold dressings use lemon, ginger and roasted cumin instead of garlic."
Roasted Cauliflower Roti,Main Course,Vegetarian; Sattvic; No onion; No garlic; Egg-free; Vegan,15,35,4 People,¼ tsp hing (asafoetida) | 8 roti or flatbread | 1 large cauliflower | 1 tbsp organic extra virgin olive oil | 1 tsp organic cumin | 1 tsp organic chilli flakes | 1 tsp organic paprika | 1 tbsp natural yoghurt or plant-based alternative | natural fine sea salt | organic cracked black pepper | 200 g cherry tomatoes | 1/2 red chilli | 1/2 lime | 1 tbsp organic extra virgin olive oil | A large handful of coriander | natural fine sea salt | organic cracked black pepper,"Cut the cauliflower into approximately 3cm pieces and place in a baking tray. | Sprinkle with the cumin, paprika and chilli flakes then drizzle with the olive oil. | Warm a little ghee or olive oil and bloom the hing for a few seconds until fragrant, then continue. | Mix well then roast in a 200c oven for 25-30 minutes until the cauliflower is golden. | For the salsa, finely chop the cherry tomatoes, celery, red chilli, ginger and place in a bowl. | Juice the lime, roughly chop the coriander then place both in the same bowl along with the olive oil. | Season generously with salt and pepper and mix well. | To serve, heat the roti then place a portion of the cauliflower on top, followed by a large spoonful of the salsa and a drizzle of yoghurt.",dairy,"Vedanta kitchen: vegetarian, no onion, no garlic, no eggs, no mushrooms, no alcohol. | Use stainless steel, cast iron, glass or clay — never aluminium. | Hing is bloomed in hot ghee or oil; a pinch is enough."
Roasted Green Beans,dinner; Lunch,Vegetarian; Sattvic; No onion; No garlic; Egg-free; Naturally Gluten Free; Vegan,5,40,4 People,¼ tsp hing (asafoetida) | 3 red peppers | 500 g cooked white beans | 300 g green beans | 60 g organic hazelnuts | 1/2 lemon | A large handful of parsley | natural fine sea salt | organic cracked black pepper | 2 tbsp organic extra virgin olive oil,"Cut the peppers in half, remove the pith and cut each half into 3. | Split the coriander stems in half and place on a baking tray along with the peppers. | Drizzle with the olive oil and maple syrup, season with salt and pepper and roast for 20 minutes at 200c. | Warm a little ghee or olive oil and bloom the hing for a few seconds until fragrant, then continue. | Boil the green beans in salted water for 2 minutes then immediately plunge in ice cold water to stop the cooking process. | Drain and then add the green beans as well as the white beans to the roasting tray. | Roast for a further 5 minutes, add the hazelnuts and then return to the oven for a final 5 minutes. | Roughly chop the parsley and juice the lemon. | Add both to the roasting tray, mix and serve.",,"Vedanta kitchen: vegetarian, no onion, no garlic, no eggs, no mushrooms, no alcohol. | Use stainless steel, cast iron, glass or clay — never aluminium. | Hing is bloomed in hot ghee or oil; a pinch is enough."
"Roasted Kale, Chickpea and Ginger",dinner; Lunch; Side Dish,Vegetarian; Sattvic; No onion; No garlic; Egg-free,15,40,4 people,¼ tsp hing (asafoetida) | 1 kg carrots | 250 g cooked chickpeas | 250 g kale | 50 g almonds | 1 tbsp fresh lemon juice | 2 tbsp organic extra virgin olive oil | natural fine sea salt | organic cracked black pepper,"Firstly cut the tops from your carrots and then slice in 2 lengthways. If you have any larger carrots, make a second slice across so that you have 4 pieces. | Place in a baking tray, drizzle with 2 tbsp’s of olive oil and season generously with salt and pepper. | Warm a little ghee or olive oil and bloom the hing for a few seconds until fragrant, then continue. | Place in the oven and roast at 200c for 20 minutes turning over occasionally. | Add the chickpeas and cook for a further 10 minutes. | Roughly chop the kale removing any larger stems then finely slice the ginger. | Add to baking tray along with the almonds and lemon juice and roast for a final 10 minutes.",,"Vedanta kitchen: vegetarian, no onion, no garlic, no eggs, no mushrooms, no alcohol. | Use stainless steel, cast iron, glass or clay — never aluminium. | Hing is bloomed in hot ghee or oil; a pinch is enough."
Roasted Red Pepper and Avocado Salsa,Main Course,Vegetarian; Sattvic; No onion; No garlic; Egg-free,10,0,4 people,¼ tsp hing (asafoetida) | 250 g tomato | 150 g roasted red pepper | 1 Avocado | 1 tbsp organic chilli flakes | Large handful of parsley | Large handful of coriander | 1/2 tsp organic unrefined cane sugar | 2 tsp organic fresh lemon juice | 2 tbsp organic lime juice | 1 tbsp organic extra virgin olive oil | fine sea salt | organic cracked black pepper,"To make the dressing, grate a little ginger and place in a bowl. Add the brown sugar, lemon juice, lime juice, salt and pepper then whisk until the sugar has dissolved. | Whilst still whisking, drizzle in the olive oil. | Warm a little ghee or olive oil and bloom the hing for a few seconds until fragrant, then continue. | Finely chop the celery and add to a large bowl along with the chilli flakes. | Finely chop the tomato, red pepper and avocado (or leave larger if you prefer a chunkier salsa) and add to the bowl. | Roughly chop the coriander and parsley and add to the bowl. | Finally spoon over the dressing and mix well.",,"Vedanta kitchen: vegetarian, no onion, no garlic, no eggs, no mushrooms, no alcohol. | Use stainless steel, cast iron, glass or clay — never aluminium. | Hing is bloomed in hot ghee or oil; a pinch is enough."
Roasted Red Pepper Gnocchi,Main Course,Vegetarian; Sattvic; No onion; No garlic; Egg-free; Naturally Gluten Free,5,40,4 people,¼ tsp hing (asafoetida) | 1 organic tomatoes (canned) | 1/2 tsp organic chilli flakes | 1/2 tsp organic thyme | 200 g roasted red peppers | 500 g gnocchi | A handful of parsley | 50 g vegetarian hard cheese or nutritional yeast | 1 tbsp organic extra virgin olive oil | natural fine sea salt | organic cracked black pepper,"Grate a little ginger and add to a saucepan with the olive oil and chilli flakes. | Warm a little ghee or olive oil and bloom the hing for a few seconds until fragrant, then continue. | Fry on a medium heat for 2 minutes then add the can of tomatoes. | Roughly chop the roasted red peppers and add to the pan reserving a tablespoon for garnish. | Season with salt and pepper. | Bring the sauce to the boil then then simmer for 30 minutes stirring regularly breaking up the tomatoes as you go. | To prepare the gnocchi, take a frying pan and add 1 tbsp of olive oil and fry the gnocchi on a medium to high heat for 4-5 minutes or until golden. | Grate the cheese and roughly chop the parsley. | To serve, put a large portion of the sauce on a plate, top with the fried gnocchi and garnish with some chopped parsley, grated cheese and the reserved roasted red peppers.",dairy,"Vedanta kitchen: vegetarian, no onion, no garlic, no eggs, no mushrooms, no alcohol. | Use stainless steel, cast iron, glass or clay — never aluminium. | Hing is bloomed in hot ghee or oil; a pinch is enough."
Roasted Root Salad with Lemon-Tahini,Main Course; Side Dish,Vegetarian; Sattvic; No onion; No garlic; Egg-free; Naturally Gluten Free; Vegan,20,40,4 people,"4 carrots | 4 parsnips | 2 tbsp organic extra virgin olive oil | 1 tbsp organic maple syrup | 1 tbsp fresh lemon juice | 50 g organic pumpkin seeds | 25 g organic sesame seeds | 100 g cherry tomatoes | natural fine sea salt | organic cracked black pepper | ½ tsp roasted cumin powder | ½ tsp fresh ginger, grated",A pinch of hing. | 1 tsp tahini. | 1 tsp maple syrup. | 1 tbsp lemon juice with a little maple. | Half a lemon juiced. | 2 tbsp olive oil. | Salt & pepper.,sesame,"Vedanta kitchen: vegetarian, no onion, no garlic, no eggs, no mushrooms, no alcohol. | Use stainless steel, cast iron, glass or clay — never aluminium. | Cold dressings use lemon, ginger and roasted cumin instead of garlic."
Roasted Vegetable and Couscous Salad,Lunch,Vegetarian; Sattvic; No onion; No garlic; Egg-free,15,30,4 people,"1 small cauliflower, cut into florets | 2 carrots, sliced on the diagonal | 2 tbsp organic extra virgin olive oil | 1 tsp organic ground cumin | 1 tsp organic smoked paprika | natural fine sea salt | organic cracked black pepper | 150 g couscous | 200 ml boiling vegetable stock | Juice of ½ lemon, plus extra to taste | 1 tbsp organic extra virgin olive oil | natural fine sea salt | organic cracked black pepper | tbsp organic extra virgin olive oil | 1 tbsp lemon juice | tsp Dijon mustard | 1 tsp organic maple syrup | natural fine sea salt | organic cracked black pepper | To assemble: | 2 large handfuls lamb's lettuce","Start by getting the vegetables roasting. | Toss the cauliflower florets and sliced carrots with olive oil, cumin, smoked paprika, salt and pepper, then spread them out on a tray and roast until tender and caramelised at the edges. | While the vegetables are cooking, place the couscous in a large bowl and pour over the hot vegetable stock. | Cover and leave it to steam for a few minutes until fluffy, then loosen the grains gently with a fork. | Season with a pinch of salt and black pepper, then stir through the lemon juice and olive oil to keep it light and fragrant. | Taste and adjust with a little extra lemon if needed. | Whisk together all the dressing ingredients until smooth and well balanced — it should be bright, slightly sweet and gently sharp. | Once the vegetables are roasted, let them cool slightly before folding them through the couscous. | Toss everything together so the flavours mingle. | Just before serving, gently fold through the lamb’s lettuce so it stays fresh and vibrant. | Drizzle over the dressing and give everything one final toss. | Serve slightly warm or at room temperature with an extra squeeze of lemon over the top for a fresh lift. | It’s lovely on its own or alongside roasted chickpeas for something more substantial.",gluten; mustard,"Vedanta kitchen: vegetarian, no onion, no garlic, no eggs, no mushrooms, no alcohol. | Use stainless steel, cast iron, glass or clay — never aluminium."
Rocket and Walnut Pesto Pasta,Main Course,Vegetarian; Sattvic; No onion; No garlic; Egg-free; Dairy Free; Naturally Gluten Free; Vegan,5,15,4 people,¼ tsp hing (asafoetida) | 25 g organic walnuts | 25 g organic pinenuts | 100 g plant-based cheese | 60 g rocket | 30 g organic basil | 2 tbsp organic extra virgin olive oil | 400 g organic spaghetti | naturally fine sea salt | organic cracked black pepper,"Toast the walnuts and pine nuts in a dry steel pan until just fragrant, then cool. | Warm a little ghee or olive oil and bloom the hing for a few seconds until fragrant, then continue. | Blend the nuts with rocket, basil, vegetarian hard cheese or nutritional yeast, lemon juice, hing and olive oil until a coarse pesto forms. | Cook the spaghetti in well-salted water until al dente. Drain, keeping a little cooking water. | Toss the pasta with the pesto, loosening with cooking water. Season and serve at once.",gluten,"Vedanta kitchen: vegetarian, no onion, no garlic, no eggs, no mushrooms, no alcohol. | Use stainless steel, cast iron, glass or clay — never aluminium. | Hing is bloomed in hot ghee or oil; a pinch is enough."
Rocky Road,Dessert,Vegetarian; Sattvic; No onion; No garlic; Egg-free; Vegan,15,0,4 people,"300 g organic dark chocolate | 100 g organic coconut oil | 3 tbsp organic maple syrup | 75 g organic toasted coconut chips | 60 g mini vegan marshmallows | 60 g organic nuts (roasted), hazelnuts, almonds, or pistachios | 20 g organic pumpkin seeds, lightly toasted | 60 g organic aseel dates, pitted and roughly chopped | natural fine sea salt","Line a square tin (about 20cm) with baking paper so the rocky road is easy to lift out. | Melt the chocolate, butter or coconut oil, and maple syrup together in a heatproof bowl set over a pan of simmering water, stirring gently until smooth and glossy. | Set aside to cool for 5 minutes so it isn’t too hot for the mix-ins. | Stir in the broken oat biscuits, marshmallows, toasted coconut chips, roasted nuts, pumpkin seeds, and chopped dates until everything is evenly coated. | Tip the mixture into the lined tin, pressing it down lightly with a spatula but not too firmly so it keeps its rocky texture. | Scatter a few extra seeds, nuts and or coconut chips over the top. | Chill in the fridge for at least 2 hours until set. | Lift out, cut into chunky squares, and serve at room temperature.",,"Vedanta kitchen: vegetarian, no onion, no garlic, no eggs, no mushrooms, no alcohol. | Use stainless steel, cast iron, glass or clay — never aluminium."
Salsa Verde,Lunch; Main Course; Side Dish,Vegetarian; Sattvic; No onion; No garlic; Egg-free; Vegan,10,20,4 people,"¼ tsp hing (asafoetida) | 800 g new potatoes | 250 g green beans | 150 g edamame | A large handful each of basil, parsley & mint | 1 dsp capers | 1 large tsp dijon mustard | 1 tsp olive oil | Half a lemon juiced | natural fine sea salt | organic cracked black pepper","Warm a little ghee or olive oil and bloom the hing for a few seconds until fragrant, then continue. | Place all of the salsa verde ingredients into a food processor and blend until smooth. | Boil the green beans & edamame in salted water for 6 minutes then drain and plunge into cold iced water to cool. Drain and set aside. | Put the new potatoes in a large pot of cold water and bring to the boil. Add a large pinch of salt, turn down to a gentle simmer and cook for 15 minutes or until tender. | Let the potatoes cool slightly, then slice and place in a bowl and spoon over the salsa verde and mix well. Add the Green Beans and Edamame, mix again and serve.",mustard,"Vedanta kitchen: vegetarian, no onion, no garlic, no eggs, no mushrooms, no alcohol. | Use stainless steel, cast iron, glass or clay — never aluminium. | Hing is bloomed in hot ghee or oil; a pinch is enough."
Sesame Ginger Slaw,Side Dish,Vegetarian; Sattvic; No onion; No garlic; Egg-free; Dairy Free; Naturally Gluten Free; Vegan,15,3,4 People,"¼ tsp hing (asafoetida) | 500 g carrot | 500 g cabbage | 100 g organic edamame beans, cooked | 1 red pepper | 8 radish | 1/2 cucumber | 50 g organic sesame seeds | 1 thumb of ginger | 1 lime | 1 tsp organic brown sugar | 1 tbsp soy sauce | 1 tbsp organic toasted sesame oil | 1 tbsp organic extra virgin olive oil | natural fine sea salt | organic cracked black pepper","To make the dressing, peel and finely grate the ginger and ginger and place in a mixing bowl. | Juice the lime and add to the bowl. | Add the sugar, soy sauce and oil and season with salt and pepper. | Warm a little ghee or olive oil and bloom the hing for a few seconds until fragrant, then continue. | Whisk together well and put aside. | Take a frying pan or wok, add the sesame seeds. | Roast on a medium heat until they are golden then remove from the pan. This should take 2-3 minutes. | Next, grate the carrot and finely shred the cabbage and place in a large mixing bowl along with the edamame. | Finely slice the red pepper, radish, coriander stems and cucumber and add to the bowl also. | Pour over the dressing, mix well and then top with the toasted sesame seeds.",gluten; sesame; soya,"Vedanta kitchen: vegetarian, no onion, no garlic, no eggs, no mushrooms, no alcohol. | Use stainless steel, cast iron, glass or clay — never aluminium. | Hing is bloomed in hot ghee or oil; a pinch is enough."
Sesame Noodle,dinner; Lunch; Main Course,Vegetarian; Sattvic; No onion; No garlic; Egg-free; Dairy Free; Vegan,10,10,4 People,¼ tsp hing (asafoetida) | 200 g organic skinny soba noodles | 1 tbsp organic peanut butter | 2 tbsp organic tamari soya sauce | 1 tbsp fresh lemon juice | 1 tbsp organic maple syrup | 1 thumb of ginger | 1/2 red chilli | A large handful of spinach | 25 g organic peanuts | 25 g organic sesame seeds | 1 tbsp organic toasted sesame oil,"Firstly cook the noodles according to packet instructions, then plunge into cold water to stop the cooking process, drain and set aside. | Place the peanut butter in a small bowl along with 2 tbsp of hot water. | Mix together to loosen, then add the tamari, lemon juice and maple syrup. | Mix again and put aside. | Peel the ginger and finely grate. | Finely chop the chilli. | Heat the sesame oil in a wok or frying pan and add the ginger, ginger and chilli. | Warm a little ghee or olive oil and bloom the hing for a few seconds until fragrant, then continue. | Cook on a high heat for 2 minutes and then add the noodles. | Continue to cook for another 2 minutes and then add the peanut butter mixture. | Add a dash more water if the sauce is too thick. | Cook for a final 2 minutes and then fold in the spinach. | Serve topped with chopped coriander stems, peanuts and sesame seeds.",gluten; nuts; sesame; soya; dairy,"Vedanta kitchen: vegetarian, no onion, no garlic, no eggs, no mushrooms, no alcohol. | Use stainless steel, cast iron, glass or clay — never aluminium. | Hing is bloomed in hot ghee or oil; a pinch is enough."
Slow-Roasted Tomato Spaghetti,Appetizer; Lunch; Main Course; Side Dish; Snack,Vegetarian; Sattvic; No onion; No garlic; Egg-free; Dairy Free; Vegan,5,25,4 people,¼ tsp hing (asafoetida) | 400 g organic wholewheat spaghetti pasta | 2 tbsp organic extra virgin olive oil | 1 tbsp organic chilli flakes | 500 g cherry tomatoes | A large handful of chopped parsley | 100 g vegetarian hard cheese or nutritional yeast | fine sea salt | organic cracked black pepper,"Heat the oven to 200°C. Halve the cherry tomatoes and spread on a steel tray. | Toss with olive oil, chilli flakes, a pinch of hing, salt and pepper. | Roast for 20 minutes until the tomatoes burst and catch at the edges. | Cook the spaghetti in salted water until al dente, then drain, keeping a little cooking water. | Tip the roasted tomatoes into a steel pan, add the pasta, parsley and cheese, and loosen with cooking water. | Toss well and serve at once.",gluten; dairy,"Vedanta kitchen: vegetarian, no onion, no garlic, no eggs, no mushrooms, no alcohol. | Use stainless steel, cast iron, glass or clay — never aluminium. | Hing is bloomed in hot ghee or oil; a pinch is enough."
Spaghetti With Cavolo Nero,Appetizer; Lunch; Main Course; Side Dish; Snack,Vegetarian; Sattvic; No onion; No garlic; Egg-free; Vegan,10,15,2 people,¼ tsp hing (asafoetida) | 1 tbsp organic extra virgin olive oil | 1/2 tsp organic chilli flakes | 200 g cavolo nero stalks removed and sliced | 200 g organic wholewheat spaghetti | 50 g vegetarian hard cheese or nutritional yeast or plant based alternative | 30 g organic pine nuts toasted,"Fry the fennel or celery, ginger and chilli in olive oil for 5 minutes on a medium heat, stirring regularly. | Warm a little ghee or olive oil and bloom the hing for a few seconds until fragrant, then continue. | Add the cavolo nero and cook for another 5 minutes. | Cook the spaghetti according to packet instructions, strain and add to the cavolo nero along with a tablespoon of the pasta cooking water. | Add the lemon juice, cheese, pine nuts and season generously with salt and pepper. | Mix together and serve.",gluten; dairy,"Vedanta kitchen: vegetarian, no onion, no garlic, no eggs, no mushrooms, no alcohol. | Use stainless steel, cast iron, glass or clay — never aluminium. | Hing is bloomed in hot ghee or oil; a pinch is enough."
Spaghetti with Slow-Roasted Fennel,Main Course,Vegetarian; Sattvic; No onion; No garlic; Egg-free,10,40,4 people,¼ tsp hing (asafoetida) | 1/2 tsp organic thyme | 1 tbsp organic fresh lemon juice | 1 tbsp organic extra virgin olive oil | 400 g organic spaghetti | 100 g vegetarian hard cheese or nutritional yeast | natural fine sea salt | organic cracked black pepper | 1 tbsp organic extra virgin olive oil | 100 g stale bread | 1/2 tsp organic thyme,"To make the breadcrumb topping, roughly chop the bread so that you have smaller and larger pieces. | Take a frying pan and add the olive oil, ginger cloves (whole with the skin on) and thyme. | Warm a little ghee or olive oil and bloom the hing for a few seconds until fragrant, then continue. | Fry the ginger and thyme for 2 minutes on a medium heat to flavour the oil then add the breadcrumbs. | Season with salt and pepper and cook for 3-4 minutes or until golden brown. Remove from the pan and set aside. | Finely slice the celery and cut the fennel into approximately 1cm rounds. | Add 1 tbsp of olive oil to a pan and add the celery and fennel and season generously with salt and pepper. | Cook on a high heat for 2 minutes. | Grate a little ginger and add along with the thyme. | Turn down to low and cook for approximately half an hour until the celery and fennel become sticky and soft. | Cook the pasta according to packet instructions, grate the cheese and add both to the fennel. | Mix well and serve with some of the breadcrumbs sprinkled on the top.",gluten; dairy,"Vedanta kitchen: vegetarian, no onion, no garlic, no eggs, no mushrooms, no alcohol. | Use stainless steel, cast iron, glass or clay — never aluminium. | Hing is bloomed in hot ghee or oil; a pinch is enough."
Spiced Pecan Nut Butter,Appetizer; Breakfast; Snack,Vegetarian; Sattvic; No onion; No garlic; Egg-free; Dairy Free; Naturally Gluten Free; Vegan,5,5,10,250 g organic pecans | 1 tsp organic ceylon cinnamon powder | 1/2 tsp sea salt,Gently toast pecan nuts in a dry pan over a low heat. | Allow to cool. | Place toasted nuts into a food processor. | Blend on high until smooth and silky. | Add cinnamon and salt. | Blend for a further few minutes.,,"Vedanta kitchen: vegetarian, no onion, no garlic, no eggs, no mushrooms, no alcohol. | Use stainless steel, cast iron, glass or clay — never aluminium."
Spicy Lentil Stew,dinner; Lunch; Main Course; Side Dish; Soup,Vegetarian; Sattvic; No onion; No garlic; Egg-free; Naturally Gluten Free; Vegan,15,50,6 people,"¼ tsp hing (asafoetida) | 1 tbsp organic extra virgin olive oil | 2 medium carrots medium diced | 30 g sun-dried tomatoes, plus 30 g walnuts, chopped | 250 g aubergine, diced | 1 organic coconut milk can | 1 litre organic vegetable stock | 250 g organic french type lentils | 200 g chopped kale | natural sea salt crystals | organic cracked black pepper | 1 tbsp organic extra virgin olive oil | 1 medium thumb ginger skin removed | 1 dsp tomato puree | 1 tsp organic cumin | 1 tsp organic coriander | 1 tsp organic turmeric | 50 ml water","Blend all of the paste ingredients together and fry in a pan on a medium heat for 5 minutes. Remove the cooked paste, set aside and clean the pan out. | Warm a little ghee or olive oil and bloom the hing for a few seconds until fragrant, then continue. | Add the oil and fry the carrots, soaked sun-dried tomatoes, aubergine, season generously with salt and pepper and fry for 20 minutes. | Now add back in the cooked paste, coconut milk, lentils and vegetable stock and simmer for 40 minutes. | Finally add the lentils and kale and cook for a final 5 minutes and you are ready to serve.",,"Vedanta kitchen: vegetarian, no onion, no garlic, no eggs, no mushrooms, no alcohol. | Use stainless steel, cast iron, glass or clay — never aluminium. | Hing is bloomed in hot ghee or oil; a pinch is enough. | Aubergine, walnuts and sun-dried tomato stand in for mushrooms."
Spicy Plant-Based Ragu,dinner; Lunch; Main Course,Vegetarian; Sattvic; No onion; No garlic; Egg-free; Naturally Gluten Free,5,40,4 People,"¼ tsp hing (asafoetida) | 2 tbsp organic extra virgin olive oil | 400 g organic cooked brown lentils, drained | 1/2 tsp organic chilli flakes | 1/2 tsp organic fennel seeds | 1 organic tinned tomatoes | 1 can of water | A large handful of basil | 50 g plant-based cheese | 400 g organic penne | natural fine sea salt | organic cracked black pepper","In a large saucepan, add 1 tbsp of olive oil along with the cooked lentils. | Warm a little ghee or olive oil and bloom the hing for a few seconds until fragrant, then continue. | Fry on a medium to high heat for 5 minutes or until golden brown. | Remove from the pan and set aside. | Finally chop the ginger and add to the same pan along with another tbsp of olive oil. | Add the chilli flakes and fennel seeds and cook on a medium heat for 2 minutes. | Next add the can of tomatoes along with a can with of water. | Bring to the boil then turn down and simmer for 30 minutes. | Cook your pasta according to the packet instructions, drain then add to the tomato sauce. | Add back in the brown the cooked lentils and cook for 2 minutes. | Roughly tear the basil, grate the cheese and add both to the pot. | Mix well and serve.",gluten,"Vedanta kitchen: vegetarian, no onion, no garlic, no eggs, no mushrooms, no alcohol. | Use stainless steel, cast iron, glass or clay — never aluminium. | Hing is bloomed in hot ghee or oil; a pinch is enough."
Spicy Satay Noodles,Appetizer; Lunch; Main Course; Side Dish; Snack,Vegetarian; Sattvic; No onion; No garlic; Egg-free; Dairy Free; Vegan,10,10,4 people,¼ tsp hing (asafoetida) | 1 tbsp organic extra virgin olive oil | 100 g tenderstem broccoli cut into 3cm long pieces | 100 g sugar snap peas | 250 g organic wheat asia noodles | 1 tbsp organic tamari soya sauce | 1 tbsp organic extra virgin olive oil | 1 tbsp organic chilli flakes | 1 thumb ginger finely chopped | 400 ml organic coconut milk | 1 tsp organic coconut palm sugar | 1 tbsp organic tamari soya sauce | 1 tbsp organic peanut butter | 2 tbsp organic lime juice,"To make the satay sauce, fry the chilli, ginger, ginger and fennel or celery in oil for 3 minutes. | Warm a little ghee or olive oil and bloom the hing for a few seconds until fragrant, then continue. | Add the coconut milk, coconut palm sugar, lime juice, tamari soya sauce and peanut butter. Gently heat for 5 minutes taking care to not boil the coconut milk so that it doesn’t split. | Blend with a stick blender and put aside. | Cook the noodles according to the packet instructions. | In a wok, fry the broccoli and sugar snap peas in oil for 2 minutes before adding the tamari soy sauce. Add the cooked noodles and a few tablespoons of the satay sauce. | Serve topped with coriander stems, a wedge of lime with the remainder of the sauce on the side.",gluten; nuts; soya,"Vedanta kitchen: vegetarian, no onion, no garlic, no eggs, no mushrooms, no alcohol. | Use stainless steel, cast iron, glass or clay — never aluminium. | Hing is bloomed in hot ghee or oil; a pinch is enough."
Spinach And Olive Pasta Salad,Main Course,Vegetarian; Sattvic; No onion; No garlic; Egg-free,10,10,4 People,"2 large handfuls of spinach | 200 g organic fusilli | 200 g cherry tomatoes | 100 g black olives | 1 tsp capers | 50 g organic walnuts | A large handful of basil | ½ tsp roasted cumin powder | ½ tsp fresh ginger, grated","Cook the fusilli in salted water until just tender. Drain and cool slightly. | Whisk lemon juice, maple, olive oil, roasted cumin and grated ginger into a dressing. | Toss the pasta with spinach, tomatoes, olives, capers, walnuts and basil. | Dress, toss once more, and serve fresh.",gluten,"Vedanta kitchen: vegetarian, no onion, no garlic, no eggs, no mushrooms, no alcohol. | Use stainless steel, cast iron, glass or clay — never aluminium. | Cold dressings use lemon, ginger and roasted cumin instead of garlic."
Spiralised Courgette Satay Noodles,Lunch,Vegetarian; Sattvic; No onion; No garlic; Egg-free; Vegan,10,5,2,"¼ tsp hing (asafoetida) | 2 courgettes spiralised | 3 tbsp organic peanut butter | 2 tbsp organic tamari soy sauce | 1 tbsp lime juice | 1 tsp organic maple syrup | 2 to 3 tbsp warm water, to reach the desired consistency | 1 tbsp organic extra virgin olive oil, to fry | pinch organic chilli flakes | lime wedge to garnish","Spiralise the courgettes and place them in a bowl. | Combine all the sauce ingredients in a blender and pulse until smooth. | Gently heat the olive oil and then add the spiralised courgette. | Warm a little ghee or olive oil and bloom the hing for a few seconds until fragrant, then continue. | Fry the courgette for a few minutes. | Take off the heat and stir through the satay sauce. | Garnish with chilli and lime.",gluten; nuts; soya; dairy,"Vedanta kitchen: vegetarian, no onion, no garlic, no eggs, no mushrooms, no alcohol. | Use stainless steel, cast iron, glass or clay — never aluminium. | Hing is bloomed in hot ghee or oil; a pinch is enough."
Stir Fried Tofu and Brocolli,Lunch; Main Course,Vegetarian; Sattvic; No onion; No garlic; Egg-free; Dairy Free; Naturally Gluten Free; Vegan,10,10,4 People,¼ tsp hing (asafoetida) | 400 g organic firm tofu | 300 g broccoli florets | 1 thumb of ginger | 2 tbsp soy sauce | 1 tbsp organic toasted sesame oil | 1 tbsp fresh lemon juice | 1 tbsp organic maple syrup | 2 tbsp organic extra virgin olive oil | organic sesame seeds,"Drain the tofu and pat dry. | Using your hands or a fork, crumble it into small, bite-sized pieces. | Heat a wok or frying pan with 1 tbsp of oil and fry the tofu for 5 minutes until lightly golden and starting to crisp. | Warm a little ghee or olive oil and bloom the hing for a few seconds until fragrant, then continue. | Remove from the pan and set aside. | In the same pan, add the remaining oil. | Peel and grate a little ginger and ginger, then fry for 1–2 minutes. | Add the broccoli florets and stir-fry on a high heat for 3–4 minutes until just tender. | Whisk together the soy sauce, sesame oil, lemon juice and maple syrup. | Pour into the pan, stir well, then return the crumbled tofu and toss everything together so it absorbs the sauce. | Serve hot, sprinkled with sesame seeds, over rice or noodles.",gluten; sesame; soya,"Vedanta kitchen: vegetarian, no onion, no garlic, no eggs, no mushrooms, no alcohol. | Use stainless steel, cast iron, glass or clay — never aluminium. | Hing is bloomed in hot ghee or oil; a pinch is enough."
Sweet Potato Curry,Main Course,Vegetarian; Sattvic; No onion; No garlic; Egg-free; Naturally Gluten Free,5,35,4 People,¼ tsp hing (asafoetida) | 1 tbsp organic extra virgin olive oil | 1 tsp organic chilli flakes | 1 large thumb of ginger | 1 tsp organic cumin | 1 tsp organic coriander | 1 tsp organic turmeric | 1 tbsp tomato puree | 100 g tomatoes | 100 ml water | 500 g sweet potato | A large handful of spinach | A large handful of fresh coriander | 30 g organic cashew nuts | 4 tbsp natural yoghurt | natural fine sea salt | organic cracked black pepper,"Chop the celery into approximately 1cm pieces and place in a large saucepan with the oil. | Warm a little ghee or olive oil and bloom the hing for a few seconds until fragrant, then continue. | Season with salt and pepper and fry on a medium heat for 5 minutes stirring frequently. | Peel and grate the ginger and finely chop the chilli and ginger. | Add all to the pan and cook for another 5 minutes. | Turn down the heat and add the cumin, coriander and turmeric as well as the tomatoes and tomato puree. | Cook for 5 more minutes take care not to burn the spices. | Peel the sweet potato and cut into 3cm chunks. | Turn the heat back up to medium, add the sweet potato and water, mix well and simmer for 20 minutes or until the sweet potato has cooked through. | Serve over rice with chopped cashew nuts, fresh coriander and a spoonful of sweet potato.",nuts; dairy,"Vedanta kitchen: vegetarian, no onion, no garlic, no eggs, no mushrooms, no alcohol. | Use stainless steel, cast iron, glass or clay — never aluminium. | Hing is bloomed in hot ghee or oil; a pinch is enough."
Sweet Potato Tacos,Main Course,Vegetarian; Sattvic; No onion; No garlic; Egg-free; Naturally Gluten Free; Vegan,25,25,4 people,¼ tsp hing (asafoetida) | 4 sweet potatoes | 2 tsp paprika | 2 tbsp olive oil | 250 g cooked black beans | A handful of chopped parsley | natural fine sea salt | organic cracked black pepper | 2 tbsp plain yoghurt (or plant based alternative) | 1 lime juiced | 1 avocado | 1 tbsp organic extra virgin olive oil | Salt | pepper,"Peel the sweet potatoes and cut into 0.5cm cubes. | Place in a baking tray and add the olive oil, paprika and season generously with salt and pepper. | Warm a little ghee or olive oil and bloom the hing for a few seconds until fragrant, then continue. | Remove the top of the extra cherry tomatoes, drizzle with olive oil and place in a separate baking tray. | Roast both in the oven at 200c. 20 minutes removing the ginger after 15. | Let the ginger cool slightly and then gently squeeze the cloves so that the ginger pops out of it’s skin. | Place the black beans in with the sweet potato and roast for a further 5 minutes. | Remove from the oven then add the roasted ginger and chopped parsley to the tray and mix well. | To make the dressing, place all ingredients in a food processor and blitz until smooth. | To serve, place a large spoonful of the sweet potato on a warmed tortilla and drizzle with the avocado dressing.",dairy,"Vedanta kitchen: vegetarian, no onion, no garlic, no eggs, no mushrooms, no alcohol. | Use stainless steel, cast iron, glass or clay — never aluminium. | Hing is bloomed in hot ghee or oil; a pinch is enough."
Tandoori Baked Potato Curry,Main Course,Vegetarian; Sattvic; No onion; No garlic; Egg-free; Dairy Free; Naturally Gluten Free; Vegan,20,40,4 people,"¼ tsp hing (asafoetida) | 4 baking potatoes | 400 ml organic coconut milk | 1 cup frozen peas | 2 cups fresh spinach | natural fine sea salt, to taste | 1 tsp organic fenugreek | 1 tbsp organic coriander | 1 tbsp chilli powder | 1 tbsp organic garam masala | 1 tbsp organic turmeric | 2 tbsp organic extra virgin olive oil | 2 inches fresh ginger","Make a cross on the potatoes and bake them at 180 degrees, until nearly done, switch off the oven and keep the potatoes inside. | Combine the fenugreek, coriander, chilli powder, garam masala, turmeric, olive oil and fresh ginger in a blender and combine to make a paste. | Warm a little ghee or olive oil and bloom the hing for a few seconds until fragrant, then continue. | Heat up some oil in a heavy bottom duty pan. | Sweat the celery until soft, add the curry paste and fry for one minute. | Add coconut milk and bring to a gentle boil, stirring occasionally. | Add frozen peas, spinach and taste for salt. | Transfer the curry to a deep tray, place the potatoes in the middle. bake for another 10 minutes until potatoes are soft and fluffy. | Before serving, squeeze each potato from the bottom so the cross opens up, place indian pickles inside, grab a big spoon to pour the curry over and enjoy!",,"Vedanta kitchen: vegetarian, no onion, no garlic, no eggs, no mushrooms, no alcohol. | Use stainless steel, cast iron, glass or clay — never aluminium. | Hing is bloomed in hot ghee or oil; a pinch is enough."
Tarka Dhal,Lunch; Main Course,Vegetarian; Sattvic; No onion; No garlic; Egg-free; Dairy Free; Naturally Gluten Free; Vegan,5,60,4 People,¼ tsp hing (asafoetida) | 250 g organic red split lentils | 1 large thumb of ginger grated | 1 tbsp organic extra virgin olive oil | 1 medium red chilli finely chopped | 2 tbsp organic granules | 1 tsp organic yellow mustard seeds | 1 tsp organic ground coriander | 1 tsp organic ground cumin | 1 tsp organic ground turmeric | A handful of fresh coriander | 500 ml water | fine sea salt,"Wash the lentils then place in a large saucepan with the water and grated ginger. | Bring to the boil then reduce to a simmer. Remove any scum that comes to the surface. | Cook for 1 hour (stirring regularly) or until the lentils soften. You may need to add more water. Season generously with salt. | Next put the oil in a frying pan and fry the mustard seeds until they start to pop open. | Warm a little ghee or olive oil and bloom the hing for a few seconds until fragrant, then continue. | Then add the celery and cook for 2 minutes until it starts to soften. | Next add the ginger and chilli and cook for a further 2 minutes. | Now add the coriander, cumin, turmeric and tomato paste and cook gently for 5 minutes taking care to not burn the spices. | Finally, empty the pan into the pot of cooked lentils and stir throughly. | Serve topped with chopped fresh coriander.",mustard,"Vedanta kitchen: vegetarian, no onion, no garlic, no eggs, no mushrooms, no alcohol. | Use stainless steel, cast iron, glass or clay — never aluminium. | Hing is bloomed in hot ghee or oil; a pinch is enough."
Thai Basil Stir Fry,Main Course,Vegetarian; Sattvic; No onion; No garlic; Egg-free,10,10,4 People,400 g organic tempeh | 1 large thumb of ginger | 1 red chilli | 1 tbsp soy sauce | 1 tbsp tamari with a squeeze of lemon | 1 tbsp ketjap manis | 50 g peas | 30 g organic peanuts (toasted) | A handful of Thai basil | 1 tbsp sesame oil,"Heat a large wok or frying pan and add the sesame oil. | Add the cooked lentils, break up in the pan and cook on a high heat for 4-5 minutes or until lightly browned. | Peel and grate the ginger. finely chop the chilli. | Add to the pan and cook for 2 minutes. | Add the soy, tamari and lemon and ketjap manis and continue to cook for another 2 minutes. | Add the peas and cook for a final 2 minutes. | Finely chop the toasted peanuts and add to the pan along with the Thai basil. | Give a final mix and serve over rice.",gluten; sesame; soya,"Vedanta kitchen: vegetarian, no onion, no garlic, no eggs, no mushrooms, no alcohol. | Use stainless steel, cast iron, glass or clay — never aluminium."
Thai Green Curry,Main Course,Vegetarian; Sattvic; No onion; No garlic; Egg-free,15,30,4 people,¼ tsp hing (asafoetida) | 200 g green beans | 100 g mange tout | 1 tbsp rapeseed or vegetable oil | 1 large handful of coriander | 1 large thumb of ginger | 1 green chilli | 1 lemongrass stalk | 500 ml organic vegetable bouillon | 1 can organic coconut milk | 1 tsp organic brown sugar | 1 lime | organic cracked black pepper | natural fine sea salt,"To make the paste, remove the tougher outer layers of the lemongrass and roughly chop. | Peel and roughly chop the ginger, fennel or celery and ginger. | Remove the seeds from the chilli and roughly chop. | Place all in a food processor with the oil and coriander and blend until smooth. | Warm a little ghee or olive oil and bloom the hing for a few seconds until fragrant, then continue. | Next take a large saucepan and fry the paste in 1 tbsp of oil for 2-3 minutes on a medium heat. | Season with salt and pepper then add the vegetable stock and sugar, bring to the boil and simmer for 20 minutes. | Now add the coconut milk and green beans, simmer for a further 6 minutes. | Add the mange tout and cook for a final 2 minutes. | Serve the curry over rice, top with a few coriander leaves and a wedge of lime.",,"Vedanta kitchen: vegetarian, no onion, no garlic, no eggs, no mushrooms, no alcohol. | Use stainless steel, cast iron, glass or clay — never aluminium. | Hing is bloomed in hot ghee or oil; a pinch is enough."
Three-Bean Tamatar Chilli,dinner; Lunch,Vegetarian; Sattvic; No onion; No garlic; Egg-free; Naturally Gluten Free; Vegan,15,60,4 people,"¼ tsp hing (asafoetida) | 1 carrot | 1 celery stalk | 1 tbsp olive oil | 300 g cooked brown lentils, drained (cooked brown lentils, drained) | 1/2 tsp organic chilli powder | 1 tsp organic ground cumin | 1 tsp organic paprika | 1 tbsp tomato puree | 1 tbsp fresh lemon juice | 1 organic canned tomatoes | 500 g organic vegetable bouillon | 100 g cooked black beans | natural fine sea salt | organic cracked black pepper","Soak the cooked lentils for 10 minutes. | Finely dice the celery, carrot & celery. | Add to a saucepan with the olive oil, season generously with salt and pepper and fry on a medium heat for 10 - 15 minutes. | Warm a little ghee or olive oil and bloom the hing for a few seconds until fragrant, then continue. | Add the cooked lentils and cook for 4-5 minutes or until it takes on some colour. | Grate a little ginger and add to the pan along with the chilli powder, cumin, paprika and tomato puree. Cook for for 2-3 minutes. | Now add the lemon juice, let reduce for a minute or so then add the tomatoes and vegetable stock and gently simmer for 30 minutes to an hour. | Add the cooked black beans, heat through and serve with plenty of plant based yoghurt, sliced red chillies and coriander.",,"Vedanta kitchen: vegetarian, no onion, no garlic, no eggs, no mushrooms, no alcohol. | Use stainless steel, cast iron, glass or clay — never aluminium. | Hing is bloomed in hot ghee or oil; a pinch is enough."
Vegan Blueberry Ice Cream,Dessert,Vegetarian; Sattvic; No onion; No garlic; Egg-free; Dairy Free; Naturally Gluten Free; Vegan,20,12,6 people,"3 frozen bananas, chopped roughly before freezing so they can blend quicker | 1 tin organic coconut milk, see notes | 2 tbsp organic maqui powder | frozen fruit of your choice | vegan white or dark chocolate, optional","In a high-speed blender, combine frozen bananas and coconut milk, and blend well till completely smooth. | Pour the mixture into the ice cream moulds till half of the height and place some frozen fruit in the middle. | Now, mix the maqui powder with the rest of the ice cream mixture, it doesn't have to be completely combined, so you can create a ripple effect. | Pour it onto the ice cream moulds and freeze. | Once frozen, you will be able to decorate them. | Simply melt the chocolate and pour it over your ice cream, and put it in a freezer again.",,"Vedanta kitchen: vegetarian, no onion, no garlic, no eggs, no mushrooms, no alcohol. | Use stainless steel, cast iron, glass or clay — never aluminium."
Vegan Dorset Apple Cake,Breakfast; Dessert; Snack,Vegetarian; Sattvic; No onion; No garlic; Egg-free; Dairy Free; Vegan,20,35,8,2 apples | 100 g organic self raising flour | 100 g organic blanched almond flour | 100 g organic unrefined cane sugar | 1 tsp baking powder | 1 tsp organic ceylon cinnamon powder | 150 ml dairy free milk | 75 ml organic olive oil | 2 tsp vanilla essence,Preheat your oven to 180C (360F). | Mix together all the dry ingredients. | Add the wet ingredients and combine. | Peel and chop the apples in to 2cm cubes. | Mix the apple cubes into the batter. | Line and grease the tin with oil. | Pour the mixture in and spread evenly. | Bake for 35mins. | Remove and let the cake cool and sprinkle with unrefined cane sugar.,gluten; nuts,"Vedanta kitchen: vegetarian, no onion, no garlic, no eggs, no mushrooms, no alcohol. | Use stainless steel, cast iron, glass or clay — never aluminium."
Vegan Plum Cake,Main Course,Vegetarian; Sattvic; No onion; No garlic; Egg-free,0,0,6,200 g organic plain flour | 1 tsp baking powder | 1.5 tsp baking soda | 150 g organic coconut oil | 100 g organic coconut sugar | 1/4 cup aquafaba- water from tinned chickpeas | 4-6 ripe organic plums | 1/4 cup organic crystalised ginger | 1/2 cup organic chocolate chips,"Combine the melted coconut oil, sugar and aquafaba. Whisk well until combined. | In a large bowl mix the flour, baking powder and baking soda. | Combine wet mixture with flour using a spatula, add chocolate chips and chopped ginger. | To make fan-shaped plums, simply cut them in halves, remove the stone, place them on the chopping board. Use a really sharp knife cut each half nearly all the way through, ensuring they hold together. | Line a round baking tin with grease proof paper (diameter 20cm). Pour the mixture in, and place the plums on top. | Bake at 180 degrees for approx. 45 min, check with a toothpick - if it comes out dry, the cake is ready.",gluten,"Vedanta kitchen: vegetarian, no onion, no garlic, no eggs, no mushrooms, no alcohol. | Use stainless steel, cast iron, glass or clay — never aluminium."
Vegetable Paella,dinner; Lunch,Vegetarian; Sattvic; No onion; No garlic; Egg-free; Dairy Free; Naturally Gluten Free; Vegan,10,40,6 people,¼ tsp hing (asafoetida) | 1 tbsp organic extra virgin olive oil | 2 celery stalks finely diced | 1 medium carrot finely diced | 2 thyme sprigs | 1 bay leaf | 1 dsp tomato puree | 2 tsp organic paprika | 1 red pepper diced | 250 g organic paella rice | pinch of saffron | 700 ml organic vegetable stock | 150 g tomato roughly chopped | 100 g peas | natural sea salt crystals | organic cracked black pepper,"Fry the celery, celery and carrot in olive oil and season with salt and pepper. Cook on a medium heat for 10 minutes stirring frequently. | Warm a little ghee or olive oil and bloom the hing for a few seconds until fragrant, then continue. | Add the thyme, bay leaf and ginger and cook for 2 minutes. | Next add the tomato puree, paprika and red pepper and cook for a further 2 minutes. | Now add the rice and stir into the vegetables. | Add the saffron and vegetable stock and cook for 20 minutes. | Finally add the peas and cook for last 5 minutes and serve.",,"Vedanta kitchen: vegetarian, no onion, no garlic, no eggs, no mushrooms, no alcohol. | Use stainless steel, cast iron, glass or clay — never aluminium. | Hing is bloomed in hot ghee or oil; a pinch is enough."
"Vegetable, Ginger and Lime Noodles",dinner; Lunch; Main Course,Vegetarian; Sattvic; No onion; No garlic; Egg-free; Dairy Free; Vegan,10,10,4 People,¼ tsp hing (asafoetida) | 1 thumb of ginger | 1 lime | 1 tbsp organic coconut aminos | 1 tbsp organic toasted sesame oil | 400 g broccoli stems | A large handful of spinach | 250 g organic soba noodles,"To make the sauce, peel the ginger and finely grate. Do the same with the ginger. | Juice the lime. | Add all to a small bowl along with the soy sauce and sesame oil. Whisk together and set aside. | Warm a little ghee or olive oil and bloom the hing for a few seconds until fragrant, then continue. | Chop the broccoli stems into approximately 2cm pieces and boil in salted water for 2 minutes. | Drain and set aside. | Cook the noodles according to packet instructions, drain and then add back to the pan. | Pour the sauce over the noodles and add the broccoli and spinach. | Cook on a medium heat for 2 minutes and then serve.",sesame,"Vedanta kitchen: vegetarian, no onion, no garlic, no eggs, no mushrooms, no alcohol. | Use stainless steel, cast iron, glass or clay — never aluminium. | Hing is bloomed in hot ghee or oil; a pinch is enough."
Walnut and Aubergine Ragu,dinner,Vegetarian; Sattvic; No onion; No garlic; Egg-free; Vegan,15,55,4 People,"¼ tsp hing (asafoetida) | 1/2 tsp organic chilli flakes | 2 tins of tomatoes | 1/2 tin of water | 2 tsp organic tomato puree | 5 g sun-dried tomatoes, plus 30 g walnuts, chopped | 500 g aubergine, diced | 1 tbsp organic pine nuts | A handful of parsley | 400 g organic penne pasta | 2 tbsp organic extra virgin olive oil | natural fine sea salt | organic cracked black pepper","Firstly make the tomato sauce. | Grate a little ginger and add to a saucepan with the chilli flakes and olive oil. | Warm a little ghee or olive oil and bloom the hing for a few seconds until fragrant, then continue. | Fry on a medium heat for 2 minutes so that the ginger colours. | Add the tinned tomatoes along with half a tin of water, the tomato puree and salt and pepper. | Simmer on a medium heat for about half an hour, stirring occasionally until the sauce thickens. | Next, soak the soaked sun-dried tomatoes in warm water for 10 mins, then drain and finely chop. | Roughly slice the aubergine and add to a frying pan with the soaked sun-dried tomatoes and 1 tbsp of olive oil. | Cook on a medium heat for 10 minutes. | Finely chop the celery and add to the pan and season generously. | Cook for a further 10 minutes stirring frequently. | Roughly chop the parsley and add to the aubergine along with the pine nuts. | Mix together and remove from the heat. | Cook your pasta according to the packet instructions and drain well. | Mix your cooked pasta with the tomato sauce, serve and spoon the aubergine ragu on top.",gluten,"Vedanta kitchen: vegetarian, no onion, no garlic, no eggs, no mushrooms, no alcohol. | Use stainless steel, cast iron, glass or clay — never aluminium. | Hing is bloomed in hot ghee or oil; a pinch is enough. | Aubergine, walnuts and sun-dried tomato stand in for mushrooms."
Walnut Pesto and Peas,Appetizer; Lunch; Main Course; Salad; Side Dish; Snack,Vegetarian; Sattvic; No onion; No garlic; Egg-free; Dairy Free; Vegan,5,10,4 people,"400 g organic wholewheat spaghetti pasta | 150 g peas | 1 tbsp organic extra virgin olive oil | Salt and pepper | 2 tbsp organic lime juice | A large handful of basil | A large handful of parsley | 50 g organic walnut pieces | 2 tbsp organic extra virgin olive oil | Salt and pepper | ½ tsp roasted cumin powder | ½ tsp fresh ginger, grated","For the pesto, place all of the ingredients except the olive oil in a food processor and blend until smooth. Next slowly drizzle in the olive oil whilst the processor is running. | Cook the spaghetti as per the cooking instructions, adding the peas to the pot 2 minutes before the end of the cooking time. | Next, heat 1 tbsp olive oil in a pan and add the pesto. Heat through gently before adding the strained spaghetti and peas. | Mix well, season with salt and pepper and serve with an Italian hard cheese such as vegetarian hard cheese or nutritional yeast.",gluten; nuts,"Vedanta kitchen: vegetarian, no onion, no garlic, no eggs, no mushrooms, no alcohol. | Use stainless steel, cast iron, glass or clay — never aluminium. | Cold dressings use lemon, ginger and roasted cumin instead of garlic."
Walnut Tempeh Burger,dinner; Lunch; Main Course,Vegetarian; Sattvic; No onion; No garlic; Egg-free; Vegan,40,5,4 People,"1 tbsp tomato puree mixed with chilli powder and a little maple | 1 tbsp soy sauce | 1 tbsp organic sesame oil | 200 g organic tempeh | 2 aubergine, cut into 1 cm slices | organic chilli sauce | 2 organic bread rolls | 80 g walnuts, finely chopped","Firstly put the chilli-tomato paste, soy sauce and sesame oil in a bowl and mix together. | Cut the tempeh into approximately 0.5cm slices, add to the bowl and coat with the chilli-tomato paste mix. | Now cut the aubergine into 1cm slices and coat with the chilli-tomato paste as well. | Leave to marinade for half an hour. | Take a large frying pan and cook the tempeh and aubergine on a high heat for 5 minutes turning occasionally. | Cut the rolls in half and add some of the sriracha. | Divide the tempeh and aubergine between the rolls and top with your favourite salad.",gluten; sesame; soya,"Vedanta kitchen: vegetarian, no onion, no garlic, no eggs, no mushrooms, no alcohol. | Use stainless steel, cast iron, glass or clay — never aluminium. | Aubergine, walnuts and sun-dried tomato stand in for mushrooms."
Walnut-Bean Kofta with Tomato Sauce,dinner; Lunch; Main Course,Vegetarian; Sattvic; No onion; No garlic; Egg-free; Vegan,15,70,6 people,"¼ tsp hing (asafoetida) | 1 tbsp organic extra virgin olive oil | 300 g aubergine, diced | 1 tsp organic thyme | 1 dsp tomato puree | 1 tsp organic paprika | 100 g organic jasmine brown rice | 200 g organic turtle beans cooked | 100 g vegetarian hard cheese or nutritional yeast | 100 g organic breadcrumbs | Large handful of parsley | 1 tsp ground flaxseed | Salt & pepper | 1 tbsp organic extra virgin olive oil | 2 organic tomato tins | Large handful of basil | Salt & pepper | Plus 600g organic spaghetti | 80 g walnuts, finely chopped","Make a simple tomato sauce by frying the chopped ginger in olive oil until it takes on a bit of colour. | Warm a little ghee or olive oil and bloom the hing for a few seconds until fragrant, then continue. | Next add the tins of tomatoes, salt and pepper. Bring to the boil then turn down to a simmer and cook for 30 minutes stirring frequently. Finally add the basil and set aside. | To make the kofta, fry the fennel or celery, aubergine, ginger and thyme gently in olive oil for 15 minutes. | Season with salt and pepper then add the tomato puree and paprika. Cook for a further 5 mins, remove the mixture and let cool. | Place the cooked and drained turtle beans in the same pan and fry gently for 5 minutes or until any moisture has evaporated. Remove the beans and let cool. | Make a flax egg by mixing 1 tsp of flaxseed with 3 tbsp of warm water, then let sit for 5 minutes. | Place the aubergine mixture, flax egg and beans in a food processor, then add the brown rice, toasted breadcrumbs, cheese and parsley. Blend until the mixture takes on a ‘stuffing’ like consistency. | Roll the mixture out into golf-ball sized balls and place on a baking tray lined with baking paper. Bake in an oven at 200c for 10 minutes. | Cook the spaghetti according to packet instructions and then combine with half of the tomato sauce. | Place a portion of spaghetti on each plate, top with kofta, then spoon over some of the remaining tomato sauce. | Top with vegetarian hard cheese or nutritional yeast and serve.",gluten; dairy,"Vedanta kitchen: vegetarian, no onion, no garlic, no eggs, no mushrooms, no alcohol. | Use stainless steel, cast iron, glass or clay — never aluminium. | Hing is bloomed in hot ghee or oil; a pinch is enough. | Aubergine, walnuts and sun-dried tomato stand in for mushrooms."
